reward,episode_length,success,termination_reason
0.0,5,0,hole
0.0,10,0,hole
0.0,9,0,hole
0.0,3,0,hole
0.0,5,0,hole
0.0,3,0,hole
0.0,7,0,hole
0.0,11,0,hole
0.0,7,0,hole
0.0,13,0,hole
0.0,2,0,hole
0.0,8,0,hole
0.0,5,0,hole
0.0,3,0,hole
0.0,3,0,hole
0.0,10,0,hole
0.0,3,0,hole
0.0,2,0,hole
0.0,2,0,hole
0.0,9,0,hole
0.0,22,0,hole
0.0,5,0,hole
0.0,14,0,hole
0.0,19,0,hole
0.0,15,0,hole
0.0,5,0,hole
0.0,9,0,hole
0.0,12,0,hole
0.0,8,0,hole
0.0,8,0,hole
0.0,9,0,hole
0.0,2,0,hole
0.0,7,0,hole
0.0,5,0,hole
0.0,7,0,hole
0.0,4,0,hole
0.0,14,0,hole
0.0,5,0,hole
0.0,6,0,hole
0.0,5,0,hole
0.0,4,0,hole
0.0,15,0,hole
0.0,7,0,hole
0.0,11,0,hole
0.0,4,0,hole
0.0,5,0,hole
0.0,2,0,hole
0.0,4,0,hole
0.0,3,0,hole
0.0,6,0,hole
0.0,2,0,hole
0.0,7,0,hole
0.0,3,0,hole
0.0,8,0,hole
0.0,9,0,hole
0.0,2,0,hole
0.0,7,0,hole
0.0,6,0,hole
0.0,8,0,hole
0.0,5,0,hole
0.0,2,0,hole
0.0,7,0,hole
0.0,6,0,hole
0.0,2,0,hole
0.0,4,0,hole
0.0,4,0,hole
0.0,2,0,hole
0.0,8,0,hole
0.0,19,0,hole
0.0,15,0,hole
0.0,5,0,hole
0.0,2,0,hole
0.0,27,0,hole
0.0,2,0,hole
0.0,3,0,hole
0.0,14,0,hole
0.0,4,0,hole
0.0,2,0,hole
0.0,4,0,hole
1.0,9,1,success
0.0,15,0,hole
0.0,15,0,hole
0.0,7,0,hole
0.0,5,0,hole
0.0,3,0,hole
0.0,17,0,hole
0.0,4,0,hole
0.0,9,0,hole
0.0,9,0,hole
0.0,3,0,hole
0.0,8,0,hole
0.0,5,0,hole
0.0,10,0,hole
0.0,4,0,hole
0.0,3,0,hole
0.0,2,0,hole
0.0,2,0,hole
0.0,5,0,hole
0.0,3,0,hole
0.0,5,0,hole
0.0,12,0,hole
0.0,4,0,hole
0.0,4,0,hole
0.0,2,0,hole
0.0,2,0,hole
0.0,6,0,hole
0.0,3,0,hole
0.0,6,0,hole
0.0,16,0,hole
0.0,13,0,hole
0.0,6,0,hole
0.0,5,0,hole
0.0,3,0,hole
0.0,21,0,hole
0.0,15,0,hole
0.0,20,0,hole
0.0,2,0,hole
0.0,11,0,hole
0.0,3,0,hole
0.0,7,0,hole
0.0,2,0,hole
0.0,2,0,hole
0.0,6,0,hole
0.0,9,0,hole
0.0,9,0,hole
0.0,8,0,hole
0.0,2,0,hole
0.0,11,0,hole
0.0,2,0,hole
0.0,13,0,hole
0.0,15,0,hole
0.0,5,0,hole
0.0,4,0,hole
0.0,4,0,hole
0.0,2,0,hole
0.0,4,0,hole
0.0,5,0,hole
0.0,9,0,hole
0.0,4,0,hole
0.0,5,0,hole
0.0,5,0,hole
0.0,2,0,hole
0.0,3,0,hole
0.0,7,0,hole
0.0,3,0,hole
0.0,18,0,hole
0.0,9,0,hole
0.0,8,0,hole
0.0,2,0,hole
0.0,10,0,hole
0.0,13,0,hole
1.0,10,1,success
0.0,10,0,hole
0.0,3,0,hole
0.0,11,0,hole
0.0,5,0,hole
0.0,8,0,hole
0.0,2,0,hole
0.0,3,0,hole
0.0,2,0,hole
0.0,9,0,hole
0.0,3,0,hole
0.0,11,0,hole
0.0,22,0,hole
0.0,8,0,hole
0.0,3,0,hole
0.0,3,0,hole
0.0,14,0,hole
0.0,4,0,hole
0.0,9,0,hole
0.0,2,0,hole
0.0,11,0,hole
0.0,7,0,hole
0.0,5,0,hole
0.0,12,0,hole
0.0,2,0,hole
0.0,5,0,hole
0.0,9,0,hole
0.0,7,0,hole
0.0,2,0,hole
0.0,2,0,hole
0.0,2,0,hole
0.0,8,0,hole
0.0,18,0,hole
0.0,9,0,hole
0.0,2,0,hole
0.0,4,0,hole
0.0,3,0,hole
0.0,17,0,hole
0.0,9,0,hole
0.0,28,0,hole
0.0,6,0,hole
0.0,21,0,hole
0.0,6,0,hole
0.0,2,0,hole
0.0,3,0,hole
0.0,11,0,hole
0.0,6,0,hole
0.0,2,0,hole
0.0,6,0,hole
0.0,9,0,hole
0.0,10,0,hole
0.0,5,0,hole
0.0,2,0,hole
0.0,8,0,hole
0.0,6,0,hole
0.0,11,0,hole
0.0,4,0,hole
0.0,3,0,hole
0.0,12,0,hole
0.0,4,0,hole
0.0,14,0,hole
0.0,3,0,hole
0.0,14,0,hole
0.0,7,0,hole
0.0,4,0,hole
0.0,2,0,hole
0.0,2,0,hole
0.0,3,0,hole
0.0,5,0,hole
0.0,10,0,hole
0.0,12,0,hole
0.0,17,0,hole
0.0,10,0,hole
0.0,7,0,hole
0.0,8,0,hole
0.0,16,0,hole
1.0,27,1,success
0.0,3,0,hole
0.0,2,0,hole
0.0,2,0,hole
1.0,13,1,success
0.0,8,0,hole
0.0,4,0,hole
0.0,11,0,hole
0.0,17,0,hole
0.0,2,0,hole
0.0,15,0,hole
0.0,2,0,hole
0.0,14,0,hole
0.0,4,0,hole
0.0,2,0,hole
0.0,21,0,hole
0.0,4,0,hole
0.0,9,0,hole
0.0,4,0,hole
0.0,3,0,hole
0.0,2,0,hole
0.0,7,0,hole
0.0,21,0,hole
0.0,6,0,hole
0.0,14,0,hole
0.0,5,0,hole
0.0,3,0,hole
0.0,2,0,hole
0.0,5,0,hole
0.0,30,0,hole
0.0,4,0,hole
0.0,21,0,hole
0.0,3,0,hole
0.0,9,0,hole
0.0,49,0,hole
0.0,4,0,hole
0.0,11,0,hole
0.0,12,0,hole
0.0,3,0,hole
1.0,33,1,success
0.0,9,0,hole
0.0,5,0,hole
0.0,3,0,hole
0.0,2,0,hole
0.0,5,0,hole
0.0,2,0,hole
0.0,4,0,hole
0.0,3,0,hole
0.0,8,0,hole
0.0,6,0,hole
0.0,6,0,hole
0.0,3,0,hole
0.0,18,0,hole
0.0,16,0,hole
1.0,9,1,success
0.0,3,0,hole
0.0,5,0,hole
0.0,6,0,hole
0.0,5,0,hole
0.0,2,0,hole
0.0,18,0,hole
0.0,4,0,hole
0.0,9,0,hole
0.0,17,0,hole
0.0,3,0,hole
0.0,5,0,hole
0.0,28,0,hole
0.0,14,0,hole
0.0,4,0,hole
0.0,7,0,hole
0.0,6,0,hole
0.0,4,0,hole
0.0,8,0,hole
0.0,12,0,hole
0.0,2,0,hole
0.0,12,0,hole
0.0,2,0,hole
0.0,7,0,hole
0.0,9,0,hole
0.0,2,0,hole
0.0,11,0,hole
0.0,3,0,hole
0.0,3,0,hole
0.0,8,0,hole
0.0,3,0,hole
0.0,7,0,hole
0.0,2,0,hole
0.0,3,0,hole
0.0,4,0,hole
0.0,6,0,hole
0.0,3,0,hole
0.0,2,0,hole
0.0,2,0,hole
0.0,4,0,hole
0.0,12,0,hole
0.0,2,0,hole
0.0,6,0,hole
0.0,4,0,hole
0.0,6,0,hole
0.0,2,0,hole
0.0,10,0,hole
0.0,12,0,hole
0.0,11,0,hole
0.0,6,0,hole
0.0,10,0,hole
0.0,4,0,hole
0.0,6,0,hole
0.0,14,0,hole
0.0,10,0,hole
0.0,13,0,hole
0.0,4,0,hole
0.0,2,0,hole
0.0,4,0,hole
0.0,2,0,hole
0.0,19,0,hole
0.0,9,0,hole
0.0,2,0,hole
0.0,7,0,hole
0.0,4,0,hole
0.0,5,0,hole
0.0,12,0,hole
0.0,13,0,hole
0.0,13,0,hole
0.0,3,0,hole
0.0,17,0,hole
0.0,2,0,hole
0.0,9,0,hole
0.0,14,0,hole
0.0,28,0,hole
0.0,6,0,hole
0.0,7,0,hole
0.0,2,0,hole
0.0,13,0,hole
0.0,8,0,hole
0.0,3,0,hole
0.0,24,0,hole
0.0,9,0,hole
0.0,15,0,hole
0.0,6,0,hole
0.0,8,0,hole
0.0,4,0,hole
0.0,9,0,hole
0.0,5,0,hole
0.0,12,0,hole
0.0,13,0,hole
0.0,9,0,hole
0.0,6,0,hole
0.0,15,0,hole
0.0,10,0,hole
0.0,4,0,hole
0.0,7,0,hole
0.0,2,0,hole
0.0,4,0,hole
0.0,8,0,hole
0.0,7,0,hole
0.0,13,0,hole
0.0,7,0,hole
0.0,2,0,hole
0.0,10,0,hole
0.0,2,0,hole
0.0,2,0,hole
0.0,7,0,hole
0.0,7,0,hole
0.0,4,0,hole
0.0,15,0,hole
0.0,17,0,hole
0.0,9,0,hole
0.0,2,0,hole
0.0,19,0,hole
0.0,10,0,hole
0.0,15,0,hole
0.0,7,0,hole
0.0,8,0,hole
0.0,7,0,hole
0.0,8,0,hole
0.0,5,0,hole
0.0,6,0,hole
0.0,3,0,hole
0.0,11,0,hole
0.0,6,0,hole
0.0,11,0,hole
0.0,5,0,hole
0.0,14,0,hole
0.0,9,0,hole
0.0,6,0,hole
0.0,12,0,hole
0.0,17,0,hole
0.0,3,0,hole
0.0,2,0,hole
0.0,6,0,hole
0.0,3,0,hole
0.0,21,0,hole
0.0,5,0,hole
0.0,4,0,hole
0.0,7,0,hole
0.0,5,0,hole
0.0,7,0,hole
0.0,13,0,hole
0.0,7,0,hole
0.0,12,0,hole
0.0,5,0,hole
0.0,9,0,hole
0.0,3,0,hole
0.0,6,0,hole
0.0,3,0,hole
0.0,4,0,hole
0.0,17,0,hole
1.0,10,1,success
0.0,9,0,hole
0.0,8,0,hole
0.0,2,0,hole
0.0,19,0,hole
0.0,15,0,hole
0.0,6,0,hole
0.0,7,0,hole
0.0,9,0,hole
0.0,3,0,hole
0.0,9,0,hole
0.0,6,0,hole
0.0,7,0,hole
0.0,13,0,hole
0.0,4,0,hole
1.0,21,1,success
0.0,6,0,hole
0.0,9,0,hole
0.0,5,0,hole
0.0,3,0,hole
0.0,4,0,hole
0.0,8,0,hole
0.0,7,0,hole
0.0,6,0,hole
0.0,2,0,hole
0.0,12,0,hole
0.0,2,0,hole
0.0,18,0,hole
0.0,5,0,hole
0.0,9,0,hole
0.0,15,0,hole
0.0,16,0,hole
0.0,6,0,hole
0.0,4,0,hole
0.0,3,0,hole
0.0,2,0,hole
0.0,6,0,hole
0.0,2,0,hole
0.0,17,0,hole
0.0,7,0,hole
0.0,3,0,hole
1.0,10,1,success
0.0,5,0,hole
0.0,4,0,hole
0.0,3,0,hole
0.0,9,0,hole
0.0,19,0,hole
0.0,10,0,hole
0.0,12,0,hole
0.0,4,0,hole
0.0,9,0,hole
0.0,7,0,hole
0.0,9,0,hole
0.0,8,0,hole
0.0,2,0,hole
0.0,33,0,hole
0.0,2,0,hole
0.0,14,0,hole
0.0,14,0,hole
0.0,12,0,hole
1.0,10,1,success
0.0,6,0,hole
0.0,8,0,hole
0.0,15,0,hole
0.0,21,0,hole
0.0,4,0,hole
0.0,3,0,hole
0.0,10,0,hole
0.0,2,0,hole
0.0,2,0,hole
0.0,10,0,hole
0.0,4,0,hole
0.0,18,0,hole
0.0,3,0,hole
0.0,10,0,hole
0.0,15,0,hole
0.0,17,0,hole
0.0,3,0,hole
0.0,10,0,hole
0.0,9,0,hole
0.0,15,0,hole
0.0,3,0,hole
0.0,5,0,hole
0.0,7,0,hole
0.0,8,0,hole
0.0,3,0,hole
0.0,3,0,hole
0.0,8,0,hole
0.0,3,0,hole
0.0,5,0,hole
0.0,7,0,hole
0.0,14,0,hole
0.0,2,0,hole
0.0,2,0,hole
0.0,2,0,hole
0.0,3,0,hole
0.0,10,0,hole
0.0,9,0,hole
0.0,12,0,hole
0.0,7,0,hole
0.0,14,0,hole
0.0,4,0,hole
0.0,5,0,hole
0.0,11,0,hole
0.0,12,0,hole
0.0,11,0,hole
0.0,3,0,hole
1.0,19,1,success
0.0,6,0,hole
0.0,2,0,hole
0.0,10,0,hole
0.0,14,0,hole
0.0,6,0,hole
0.0,8,0,hole
0.0,5,0,hole
0.0,6,0,hole
0.0,3,0,hole
0.0,3,0,hole
0.0,7,0,hole
0.0,4,0,hole
0.0,10,0,hole
0.0,20,0,hole
0.0,4,0,hole
0.0,2,0,hole
0.0,6,0,hole
0.0,10,0,hole
0.0,3,0,hole
0.0,7,0,hole
0.0,7,0,hole
0.0,7,0,hole
0.0,3,0,hole
0.0,11,0,hole
0.0,2,0,hole
0.0,8,0,hole
0.0,7,0,hole
0.0,4,0,hole
0.0,14,0,hole
0.0,3,0,hole
0.0,3,0,hole
0.0,3,0,hole
0.0,15,0,hole
0.0,5,0,hole
0.0,5,0,hole
0.0,5,0,hole
0.0,6,0,hole
0.0,4,0,hole
0.0,3,0,hole
0.0,9,0,hole
0.0,7,0,hole
0.0,5,0,hole
0.0,3,0,hole
0.0,13,0,hole
0.0,8,0,hole
0.0,3,0,hole
0.0,15,0,hole
0.0,5,0,hole
0.0,4,0,hole
0.0,4,0,hole
0.0,5,0,hole
0.0,17,0,hole
0.0,4,0,hole
0.0,14,0,hole
0.0,9,0,hole
0.0,5,0,hole
0.0,9,0,hole
0.0,4,0,hole
0.0,5,0,hole
0.0,3,0,hole
0.0,12,0,hole
0.0,8,0,hole
0.0,20,0,hole
0.0,6,0,hole
0.0,8,0,hole
0.0,10,0,hole
0.0,39,0,hole
0.0,3,0,hole
0.0,5,0,hole
0.0,13,0,hole
0.0,7,0,hole
0.0,3,0,hole
0.0,4,0,hole
0.0,7,0,hole
0.0,8,0,hole
0.0,8,0,hole
0.0,4,0,hole
0.0,8,0,hole
0.0,7,0,hole
0.0,4,0,hole
0.0,4,0,hole
0.0,11,0,hole
0.0,6,0,hole
0.0,10,0,hole
0.0,4,0,hole
0.0,3,0,hole
0.0,8,0,hole
0.0,5,0,hole
0.0,26,0,hole
0.0,23,0,hole
0.0,3,0,hole
0.0,20,0,hole
0.0,8,0,hole
0.0,6,0,hole
0.0,7,0,hole
1.0,11,1,success
0.0,2,0,hole
0.0,7,0,hole
0.0,10,0,hole
0.0,18,0,hole
0.0,7,0,hole
0.0,7,0,hole
0.0,13,0,hole
0.0,3,0,hole
0.0,32,0,hole
0.0,10,0,hole
0.0,4,0,hole
0.0,4,0,hole
0.0,2,0,hole
1.0,16,1,success
0.0,4,0,hole
0.0,4,0,hole
0.0,7,0,hole
0.0,4,0,hole
0.0,8,0,hole
0.0,6,0,hole
1.0,6,1,success
0.0,6,0,hole
0.0,9,0,hole
0.0,7,0,hole
0.0,16,0,hole
0.0,4,0,hole
0.0,9,0,hole
0.0,10,0,hole
0.0,7,0,hole
0.0,2,0,hole
0.0,3,0,hole
0.0,7,0,hole
0.0,4,0,hole
0.0,7,0,hole
0.0,5,0,hole
0.0,16,0,hole
0.0,14,0,hole
0.0,7,0,hole
0.0,12,0,hole
0.0,2,0,hole
0.0,13,0,hole
0.0,13,0,hole
0.0,3,0,hole
0.0,10,0,hole
0.0,13,0,hole
0.0,3,0,hole
0.0,2,0,hole
0.0,4,0,hole
0.0,20,0,hole
0.0,15,0,hole
0.0,11,0,hole
0.0,2,0,hole
0.0,5,0,hole
0.0,3,0,hole
0.0,3,0,hole
0.0,4,0,hole
0.0,9,0,hole
0.0,6,0,hole
0.0,3,0,hole
0.0,8,0,hole
0.0,5,0,hole
0.0,4,0,hole
0.0,11,0,hole
0.0,3,0,hole
0.0,15,0,hole
0.0,5,0,hole
0.0,12,0,hole
0.0,3,0,hole
0.0,6,0,hole
0.0,2,0,hole
0.0,5,0,hole
0.0,4,0,hole
0.0,6,0,hole
0.0,5,0,hole
0.0,6,0,hole
0.0,3,0,hole
0.0,3,0,hole
0.0,3,0,hole
0.0,18,0,hole
0.0,5,0,hole
0.0,7,0,hole
0.0,8,0,hole
0.0,11,0,hole
0.0,5,0,hole
0.0,11,0,hole
0.0,3,0,hole
0.0,6,0,hole
0.0,7,0,hole
0.0,2,0,hole
0.0,11,0,hole
0.0,2,0,hole
0.0,5,0,hole
0.0,5,0,hole
0.0,7,0,hole
0.0,10,0,hole
0.0,6,0,hole
0.0,3,0,hole
0.0,7,0,hole
0.0,10,0,hole
0.0,5,0,hole
0.0,2,0,hole
0.0,4,0,hole
0.0,4,0,hole
0.0,26,0,hole
0.0,7,0,hole
0.0,2,0,hole
0.0,15,0,hole
0.0,3,0,hole
0.0,3,0,hole
0.0,3,0,hole
0.0,6,0,hole
0.0,24,0,hole
0.0,2,0,hole
0.0,2,0,hole
0.0,29,0,hole
0.0,15,0,hole
0.0,3,0,hole
0.0,13,0,hole
0.0,7,0,hole
0.0,3,0,hole
0.0,5,0,hole
0.0,4,0,hole
0.0,8,0,hole
0.0,7,0,hole
0.0,4,0,hole
0.0,11,0,hole
0.0,6,0,hole
0.0,18,0,hole
0.0,5,0,hole
0.0,4,0,hole
0.0,2,0,hole
0.0,2,0,hole
0.0,5,0,hole
0.0,13,0,hole
0.0,4,0,hole
0.0,15,0,hole
0.0,10,0,hole
0.0,16,0,hole
0.0,9,0,hole
0.0,10,0,hole
0.0,3,0,hole
0.0,5,0,hole
0.0,12,0,hole
0.0,5,0,hole
0.0,37,0,hole
0.0,4,0,hole
0.0,6,0,hole
0.0,6,0,hole
0.0,3,0,hole
0.0,10,0,hole
0.0,3,0,hole
0.0,7,0,hole
0.0,27,0,hole
0.0,4,0,hole
0.0,7,0,hole
0.0,8,0,hole
0.0,10,0,hole
0.0,6,0,hole
0.0,4,0,hole
0.0,6,0,hole
0.0,4,0,hole
0.0,3,0,hole
0.0,5,0,hole
0.0,15,0,hole
0.0,4,0,hole
0.0,3,0,hole
0.0,19,0,hole
0.0,2,0,hole
0.0,10,0,hole
0.0,9,0,hole
0.0,17,0,hole
0.0,9,0,hole
0.0,5,0,hole
0.0,9,0,hole
0.0,4,0,hole
0.0,6,0,hole
0.0,12,0,hole
0.0,8,0,hole
0.0,3,0,hole
0.0,4,0,hole
0.0,7,0,hole
0.0,6,0,hole
0.0,2,0,hole
0.0,8,0,hole
0.0,5,0,hole
0.0,12,0,hole
0.0,11,0,hole
0.0,43,0,hole
0.0,2,0,hole
0.0,2,0,hole
0.0,4,0,hole
0.0,8,0,hole
0.0,10,0,hole
0.0,2,0,hole
0.0,7,0,hole
0.0,4,0,hole
0.0,10,0,hole
0.0,8,0,hole
0.0,4,0,hole
0.0,7,0,hole
0.0,7,0,hole
0.0,9,0,hole
0.0,6,0,hole
0.0,10,0,hole
0.0,4,0,hole
0.0,6,0,hole
0.0,16,0,hole
0.0,2,0,hole
0.0,25,0,hole
0.0,2,0,hole
0.0,16,0,hole
0.0,5,0,hole
0.0,11,0,hole
0.0,4,0,hole
0.0,3,0,hole
0.0,13,0,hole
0.0,5,0,hole
0.0,8,0,hole
0.0,2,0,hole
0.0,2,0,hole
0.0,14,0,hole
0.0,9,0,hole
0.0,6,0,hole
0.0,2,0,hole
0.0,2,0,hole
0.0,4,0,hole
0.0,3,0,hole
0.0,6,0,hole
0.0,6,0,hole
0.0,15,0,hole
0.0,4,0,hole
0.0,4,0,hole
0.0,5,0,hole
0.0,7,0,hole
0.0,4,0,hole
0.0,12,0,hole
0.0,3,0,hole
0.0,4,0,hole
0.0,17,0,hole
0.0,3,0,hole
0.0,5,0,hole
0.0,4,0,hole
0.0,5,0,hole
0.0,13,0,hole
0.0,6,0,hole
0.0,10,0,hole
0.0,4,0,hole
0.0,8,0,hole
0.0,5,0,hole
0.0,18,0,hole
0.0,6,0,hole
0.0,5,0,hole
0.0,3,0,hole
0.0,4,0,hole
0.0,2,0,hole
0.0,2,0,hole
0.0,3,0,hole
0.0,4,0,hole
0.0,6,0,hole
0.0,4,0,hole
0.0,6,0,hole
0.0,7,0,hole
0.0,6,0,hole
0.0,4,0,hole
0.0,8,0,hole
0.0,2,0,hole
0.0,5,0,hole
0.0,19,0,hole
0.0,12,0,hole
0.0,9,0,hole
0.0,9,0,hole
0.0,4,0,hole
0.0,17,0,hole
0.0,3,0,hole
0.0,5,0,hole
0.0,3,0,hole
0.0,15,0,hole
0.0,2,0,hole
0.0,2,0,hole
0.0,3,0,hole
0.0,4,0,hole
0.0,8,0,hole
0.0,2,0,hole
0.0,4,0,hole
0.0,7,0,hole
0.0,3,0,hole
0.0,13,0,hole
0.0,6,0,hole
0.0,12,0,hole
0.0,13,0,hole
0.0,7,0,hole
0.0,3,0,hole
0.0,8,0,hole
0.0,7,0,hole
0.0,8,0,hole
0.0,13,0,hole
0.0,9,0,hole
0.0,16,0,hole
0.0,5,0,hole
0.0,4,0,hole
0.0,21,0,hole
0.0,26,0,hole
0.0,2,0,hole
0.0,12,0,hole
0.0,6,0,hole
0.0,8,0,hole
0.0,5,0,hole
0.0,6,0,hole
0.0,9,0,hole
0.0,2,0,hole
0.0,16,0,hole
0.0,11,0,hole
0.0,8,0,hole
0.0,14,0,hole
0.0,13,0,hole
0.0,3,0,hole
0.0,4,0,hole
0.0,2,0,hole
0.0,7,0,hole
0.0,5,0,hole
0.0,3,0,hole
0.0,2,0,hole
0.0,10,0,hole
0.0,6,0,hole
0.0,5,0,hole
0.0,3,0,hole
0.0,2,0,hole
0.0,4,0,hole
0.0,11,0,hole
0.0,5,0,hole
0.0,4,0,hole
0.0,6,0,hole
0.0,2,0,hole
0.0,3,0,hole
0.0,7,0,hole
0.0,2,0,hole
0.0,10,0,hole
0.0,3,0,hole
0.0,5,0,hole
0.0,2,0,hole
0.0,3,0,hole
0.0,8,0,hole
0.0,5,0,hole
0.0,2,0,hole
0.0,3,0,hole
0.0,5,0,hole
0.0,6,0,hole
0.0,10,0,hole
0.0,9,0,hole
0.0,3,0,hole
0.0,7,0,hole
0.0,14,0,hole
0.0,2,0,hole
0.0,12,0,hole
0.0,5,0,hole
0.0,4,0,hole
0.0,3,0,hole
0.0,12,0,hole
0.0,3,0,hole
0.0,9,0,hole
1.0,9,1,success
0.0,4,0,hole
0.0,9,0,hole
0.0,3,0,hole
0.0,2,0,hole
0.0,5,0,hole
0.0,10,0,hole
0.0,13,0,hole
0.0,9,0,hole
0.0,7,0,hole
0.0,6,0,hole
0.0,5,0,hole
0.0,5,0,hole
0.0,11,0,hole
0.0,4,0,hole
0.0,2,0,hole
0.0,11,0,hole
0.0,8,0,hole
0.0,6,0,hole
0.0,9,0,hole
0.0,12,0,hole
0.0,7,0,hole
0.0,8,0,hole
0.0,23,0,hole
0.0,5,0,hole
0.0,9,0,hole
0.0,5,0,hole
0.0,5,0,hole
0.0,9,0,hole
0.0,2,0,hole
0.0,3,0,hole
0.0,3,0,hole
0.0,12,0,hole
0.0,7,0,hole
0.0,6,0,hole
0.0,9,0,hole
0.0,12,0,hole
1.0,7,1,success
0.0,12,0,hole
0.0,5,0,hole
0.0,11,0,hole
0.0,15,0,hole
0.0,10,0,hole
0.0,2,0,hole
0.0,9,0,hole
0.0,11,0,hole
0.0,8,0,hole
0.0,2,0,hole
0.0,12,0,hole
0.0,2,0,hole
0.0,3,0,hole
0.0,2,0,hole
0.0,4,0,hole
0.0,3,0,hole
0.0,19,0,hole
0.0,5,0,hole
0.0,4,0,hole
0.0,2,0,hole
0.0,4,0,hole
0.0,4,0,hole
0.0,7,0,hole
0.0,8,0,hole
0.0,8,0,hole
0.0,5,0,hole
0.0,13,0,hole
0.0,11,0,hole
0.0,5,0,hole
0.0,2,0,hole
0.0,3,0,hole
0.0,10,0,hole
0.0,26,0,hole
0.0,2,0,hole
0.0,21,0,hole
0.0,2,0,hole
0.0,8,0,hole
0.0,6,0,hole
0.0,13,0,hole
0.0,22,0,hole
0.0,4,0,hole
0.0,20,0,hole
0.0,4,0,hole
0.0,17,0,hole
0.0,4,0,hole
0.0,14,0,hole
0.0,3,0,hole
0.0,4,0,hole
0.0,9,0,hole
0.0,8,0,hole
0.0,16,0,hole
0.0,5,0,hole
0.0,7,0,hole
0.0,5,0,hole
0.0,12,0,hole
0.0,4,0,hole
0.0,3,0,hole
0.0,5,0,hole
0.0,7,0,hole
0.0,7,0,hole
0.0,2,0,hole
0.0,4,0,hole
0.0,5,0,hole
0.0,2,0,hole
0.0,13,0,hole
0.0,3,0,hole
0.0,6,0,hole
0.0,20,0,hole
0.0,4,0,hole
0.0,6,0,hole
0.0,5,0,hole
0.0,4,0,hole
0.0,5,0,hole
0.0,5,0,hole
0.0,20,0,hole
0.0,4,0,hole
0.0,3,0,hole
0.0,9,0,hole
0.0,7,0,hole
0.0,2,0,hole
0.0,16,0,hole
0.0,2,0,hole
0.0,7,0,hole
0.0,5,0,hole
0.0,10,0,hole
0.0,6,0,hole
0.0,16,0,hole
0.0,6,0,hole
0.0,2,0,hole
0.0,11,0,hole
0.0,2,0,hole
0.0,16,0,hole
0.0,7,0,hole
0.0,4,0,hole
0.0,4,0,hole
0.0,4,0,hole
0.0,4,0,hole
0.0,14,0,hole
0.0,2,0,hole
0.0,4,0,hole
0.0,9,0,hole
0.0,6,0,hole
0.0,5,0,hole
0.0,2,0,hole
0.0,3,0,hole
0.0,2,0,hole
0.0,3,0,hole
0.0,2,0,hole
0.0,11,0,hole
0.0,8,0,hole
0.0,4,0,hole
0.0,3,0,hole
0.0,15,0,hole
0.0,7,0,hole
0.0,4,0,hole
0.0,14,0,hole
0.0,3,0,hole
0.0,4,0,hole
0.0,4,0,hole
0.0,6,0,hole
0.0,13,0,hole
0.0,4,0,hole
0.0,2,0,hole
0.0,2,0,hole
0.0,6,0,hole
0.0,4,0,hole
0.0,7,0,hole
0.0,3,0,hole
0.0,2,0,hole
0.0,10,0,hole
0.0,3,0,hole
0.0,3,0,hole
0.0,15,0,hole
0.0,5,0,hole
0.0,5,0,hole
0.0,16,0,hole
0.0,15,0,hole
0.0,3,0,hole
0.0,12,0,hole
0.0,2,0,hole
0.0,9,0,hole
0.0,5,0,hole
0.0,6,0,hole
0.0,6,0,hole
0.0,5,0,hole
0.0,15,0,hole
0.0,2,0,hole
0.0,5,0,hole
0.0,2,0,hole
0.0,5,0,hole
0.0,8,0,hole
0.0,2,0,hole
0.0,4,0,hole
0.0,4,0,hole
0.0,9,0,hole
0.0,15,0,hole
0.0,2,0,hole
0.0,10,0,hole
0.0,7,0,hole
0.0,14,0,hole
0.0,5,0,hole
0.0,4,0,hole
0.0,7,0,hole
0.0,9,0,hole
0.0,13,0,hole
0.0,6,0,hole
0.0,9,0,hole
0.0,35,0,hole
0.0,5,0,hole
0.0,8,0,hole
0.0,2,0,hole
0.0,2,0,hole
0.0,3,0,hole
0.0,3,0,hole
0.0,3,0,hole
0.0,2,0,hole
0.0,2,0,hole
0.0,2,0,hole
0.0,3,0,hole
0.0,2,0,hole
0.0,6,0,hole
0.0,5,0,hole
0.0,5,0,hole
0.0,5,0,hole
0.0,5,0,hole
0.0,6,0,hole
0.0,13,0,hole
0.0,5,0,hole
0.0,2,0,hole
0.0,5,0,hole
0.0,4,0,hole
0.0,6,0,hole
0.0,9,0,hole
0.0,9,0,hole
0.0,4,0,hole
0.0,12,0,hole
0.0,5,0,hole
0.0,2,0,hole
0.0,8,0,hole
0.0,2,0,hole
0.0,4,0,hole
0.0,2,0,hole
0.0,6,0,hole
0.0,11,0,hole
0.0,2,0,hole
0.0,3,0,hole
0.0,9,0,hole
0.0,10,0,hole
0.0,7,0,hole
0.0,5,0,hole
0.0,4,0,hole
0.0,5,0,hole
0.0,4,0,hole
0.0,2,0,hole
0.0,4,0,hole
0.0,2,0,hole
0.0,5,0,hole
0.0,4,0,hole
1.0,10,1,success
0.0,3,0,hole
0.0,8,0,hole
0.0,13,0,hole
0.0,11,0,hole
0.0,5,0,hole
0.0,8,0,hole
0.0,10,0,hole
0.0,4,0,hole
0.0,14,0,hole
0.0,2,0,hole
0.0,8,0,hole
0.0,15,0,hole
0.0,4,0,hole
0.0,23,0,hole
0.0,4,0,hole
0.0,7,0,hole
0.0,16,0,hole
0.0,8,0,hole
1.0,15,1,success
0.0,3,0,hole
0.0,3,0,hole
0.0,5,0,hole
0.0,17,0,hole
0.0,3,0,hole
0.0,2,0,hole
0.0,7,0,hole
0.0,16,0,hole
0.0,2,0,hole
0.0,8,0,hole
0.0,19,0,hole
0.0,10,0,hole
0.0,8,0,hole
0.0,5,0,hole
0.0,4,0,hole
0.0,9,0,hole
0.0,7,0,hole
0.0,10,0,hole
0.0,4,0,hole
0.0,19,0,hole
0.0,7,0,hole
0.0,6,0,hole
0.0,2,0,hole
0.0,7,0,hole
0.0,2,0,hole
0.0,2,0,hole
0.0,4,0,hole
0.0,12,0,hole
0.0,3,0,hole
0.0,5,0,hole
0.0,2,0,hole
0.0,11,0,hole
0.0,11,0,hole
0.0,6,0,hole
0.0,13,0,hole
0.0,4,0,hole
0.0,2,0,hole
0.0,6,0,hole
0.0,28,0,hole
0.0,5,0,hole
0.0,3,0,hole
0.0,3,0,hole
0.0,25,0,hole
0.0,8,0,hole
0.0,4,0,hole
0.0,8,0,hole
0.0,7,0,hole
0.0,12,0,hole
0.0,3,0,hole
0.0,3,0,hole
0.0,6,0,hole
0.0,2,0,hole
0.0,2,0,hole
0.0,7,0,hole
0.0,3,0,hole
0.0,2,0,hole
0.0,8,0,hole
0.0,4,0,hole
0.0,7,0,hole
0.0,10,0,hole
0.0,6,0,hole
0.0,5,0,hole
0.0,12,0,hole
0.0,4,0,hole
0.0,6,0,hole
0.0,3,0,hole
0.0,6,0,hole
0.0,2,0,hole
0.0,4,0,hole
0.0,5,0,hole
0.0,8,0,hole
0.0,7,0,hole
0.0,4,0,hole
0.0,6,0,hole
0.0,2,0,hole
0.0,6,0,hole
0.0,3,0,hole
0.0,2,0,hole
0.0,7,0,hole
0.0,6,0,hole
0.0,7,0,hole
0.0,3,0,hole
0.0,6,0,hole
0.0,12,0,hole
0.0,12,0,hole
0.0,2,0,hole
0.0,18,0,hole
0.0,5,0,hole
0.0,5,0,hole
0.0,3,0,hole
0.0,12,0,hole
0.0,9,0,hole
0.0,22,0,hole
0.0,3,0,hole
0.0,4,0,hole
0.0,9,0,hole
0.0,6,0,hole
0.0,4,0,hole
0.0,3,0,hole
1.0,16,1,success
0.0,3,0,hole
0.0,11,0,hole
0.0,2,0,hole
0.0,9,0,hole
0.0,8,0,hole
0.0,4,0,hole
0.0,20,0,hole
0.0,12,0,hole
0.0,11,0,hole
0.0,11,0,hole
0.0,4,0,hole
0.0,3,0,hole
0.0,16,0,hole
1.0,22,1,success
0.0,17,0,hole
0.0,20,0,hole
1.0,10,1,success
0.0,37,0,hole
0.0,16,0,hole
0.0,7,0,hole
0.0,5,0,hole
0.0,17,0,hole
0.0,5,0,hole
0.0,2,0,hole
0.0,4,0,hole
0.0,2,0,hole
0.0,8,0,hole
0.0,18,0,hole
0.0,6,0,hole
0.0,3,0,hole
0.0,11,0,hole
0.0,7,0,hole
0.0,6,0,hole
0.0,15,0,hole
0.0,4,0,hole
0.0,2,0,hole
0.0,5,0,hole
0.0,12,0,hole
0.0,5,0,hole
0.0,13,0,hole
0.0,4,0,hole
0.0,6,0,hole
0.0,6,0,hole
0.0,6,0,hole
0.0,9,0,hole
0.0,13,0,hole
0.0,15,0,hole
0.0,3,0,hole
0.0,4,0,hole
0.0,2,0,hole
0.0,5,0,hole
0.0,4,0,hole
0.0,4,0,hole
0.0,5,0,hole
0.0,7,0,hole
0.0,26,0,hole
0.0,11,0,hole
0.0,8,0,hole
0.0,8,0,hole
0.0,2,0,hole
0.0,11,0,hole
0.0,12,0,hole
0.0,7,0,hole
0.0,12,0,hole
0.0,10,0,hole
0.0,8,0,hole
0.0,17,0,hole
0.0,2,0,hole
0.0,2,0,hole
0.0,8,0,hole
0.0,5,0,hole
0.0,19,0,hole
0.0,9,0,hole
0.0,3,0,hole
0.0,12,0,hole
0.0,2,0,hole
0.0,19,0,hole
0.0,6,0,hole
0.0,6,0,hole
0.0,4,0,hole
0.0,7,0,hole
0.0,12,0,hole
0.0,3,0,hole
0.0,4,0,hole
0.0,15,0,hole
0.0,9,0,hole
0.0,10,0,hole
0.0,17,0,hole
0.0,14,0,hole
0.0,14,0,hole
0.0,2,0,hole
0.0,3,0,hole
0.0,3,0,hole
0.0,12,0,hole
0.0,5,0,hole
0.0,10,0,hole
0.0,6,0,hole
0.0,5,0,hole
0.0,7,0,hole
0.0,2,0,hole
0.0,2,0,hole
0.0,17,0,hole
0.0,7,0,hole
0.0,6,0,hole
0.0,6,0,hole
0.0,3,0,hole
0.0,2,0,hole
0.0,7,0,hole
1.0,18,1,success
0.0,2,0,hole
0.0,16,0,hole
0.0,5,0,hole
0.0,5,0,hole
0.0,5,0,hole
0.0,15,0,hole
0.0,14,0,hole
0.0,5,0,hole
0.0,2,0,hole
0.0,3,0,hole
0.0,15,0,hole
0.0,4,0,hole
0.0,24,0,hole
0.0,3,0,hole
0.0,6,0,hole
0.0,12,0,hole
0.0,3,0,hole
0.0,7,0,hole
0.0,6,0,hole
1.0,8,1,success
0.0,29,0,hole
0.0,2,0,hole
0.0,3,0,hole
0.0,14,0,hole
0.0,2,0,hole
0.0,4,0,hole
0.0,2,0,hole
0.0,2,0,hole
0.0,3,0,hole
0.0,6,0,hole
0.0,5,0,hole
0.0,19,0,hole
0.0,4,0,hole
0.0,9,0,hole
0.0,5,0,hole
0.0,17,0,hole
0.0,14,0,hole
0.0,22,0,hole
0.0,6,0,hole
0.0,22,0,hole
0.0,6,0,hole
0.0,3,0,hole
0.0,12,0,hole
0.0,4,0,hole
0.0,10,0,hole
0.0,2,0,hole
0.0,2,0,hole
0.0,3,0,hole
0.0,7,0,hole
0.0,34,0,hole
0.0,2,0,hole
0.0,7,0,hole
0.0,7,0,hole
0.0,6,0,hole
0.0,14,0,hole
0.0,8,0,hole
0.0,7,0,hole
0.0,7,0,hole
0.0,7,0,hole
0.0,6,0,hole
0.0,18,0,hole
0.0,9,0,hole
0.0,2,0,hole
0.0,6,0,hole
0.0,6,0,hole
0.0,15,0,hole
0.0,6,0,hole
0.0,2,0,hole
0.0,2,0,hole
0.0,5,0,hole
0.0,5,0,hole
0.0,4,0,hole
0.0,6,0,hole
0.0,4,0,hole
0.0,2,0,hole
0.0,3,0,hole
0.0,16,0,hole
0.0,9,0,hole
0.0,5,0,hole
0.0,24,0,hole
0.0,7,0,hole
0.0,8,0,hole
0.0,5,0,hole
0.0,10,0,hole
0.0,8,0,hole
0.0,3,0,hole
0.0,19,0,hole
0.0,2,0,hole
0.0,2,0,hole
0.0,8,0,hole
0.0,2,0,hole
0.0,10,0,hole
0.0,9,0,hole
0.0,9,0,hole
0.0,11,0,hole
0.0,5,0,hole
0.0,4,0,hole
0.0,3,0,hole
0.0,6,0,hole
0.0,2,0,hole
0.0,2,0,hole
0.0,11,0,hole
0.0,14,0,hole
0.0,25,0,hole
0.0,11,0,hole
0.0,3,0,hole
0.0,16,0,hole
0.0,9,0,hole
0.0,3,0,hole
0.0,4,0,hole
0.0,4,0,hole
0.0,11,0,hole
0.0,4,0,hole
0.0,11,0,hole
0.0,3,0,hole
0.0,3,0,hole
0.0,4,0,hole
0.0,2,0,hole
1.0,21,1,success
0.0,6,0,hole
0.0,2,0,hole
0.0,23,0,hole
0.0,2,0,hole
0.0,6,0,hole
0.0,10,0,hole
0.0,10,0,hole
0.0,8,0,hole
0.0,9,0,hole
0.0,4,0,hole
0.0,19,0,hole
0.0,12,0,hole
0.0,8,0,hole
1.0,13,1,success
0.0,6,0,hole
0.0,7,0,hole
0.0,5,0,hole
0.0,4,0,hole
0.0,5,0,hole
0.0,3,0,hole
0.0,15,0,hole
0.0,3,0,hole
0.0,9,0,hole
0.0,3,0,hole
0.0,3,0,hole
0.0,2,0,hole
0.0,4,0,hole
0.0,13,0,hole
0.0,5,0,hole
0.0,28,0,hole
0.0,4,0,hole
0.0,2,0,hole
0.0,13,0,hole
0.0,4,0,hole
0.0,12,0,hole
0.0,3,0,hole
0.0,10,0,hole
0.0,8,0,hole
0.0,4,0,hole
0.0,11,0,hole
0.0,5,0,hole
0.0,7,0,hole
0.0,4,0,hole
0.0,2,0,hole
0.0,13,0,hole
0.0,2,0,hole
0.0,7,0,hole
0.0,5,0,hole
0.0,12,0,hole
0.0,7,0,hole
0.0,6,0,hole
0.0,6,0,hole
0.0,15,0,hole
0.0,5,0,hole
0.0,6,0,hole
0.0,10,0,hole
0.0,11,0,hole
0.0,2,0,hole
0.0,5,0,hole
0.0,9,0,hole
0.0,12,0,hole
0.0,3,0,hole
0.0,16,0,hole
0.0,5,0,hole
0.0,9,0,hole
0.0,2,0,hole
0.0,5,0,hole
0.0,7,0,hole
0.0,7,0,hole
0.0,5,0,hole
0.0,4,0,hole
0.0,10,0,hole
0.0,6,0,hole
0.0,5,0,hole
0.0,7,0,hole
0.0,3,0,hole
0.0,4,0,hole
0.0,7,0,hole
0.0,14,0,hole
0.0,2,0,hole
0.0,7,0,hole
0.0,6,0,hole
0.0,10,0,hole
0.0,5,0,hole
0.0,8,0,hole
0.0,3,0,hole
0.0,9,0,hole
0.0,2,0,hole
0.0,10,0,hole
0.0,5,0,hole
0.0,11,0,hole
0.0,6,0,hole
0.0,10,0,hole
0.0,3,0,hole
0.0,3,0,hole
0.0,2,0,hole
0.0,3,0,hole
0.0,9,0,hole
0.0,8,0,hole
0.0,16,0,hole
0.0,7,0,hole
0.0,6,0,hole
0.0,5,0,hole
0.0,4,0,hole
0.0,7,0,hole
0.0,2,0,hole
0.0,9,0,hole
0.0,3,0,hole
0.0,7,0,hole
0.0,3,0,hole
0.0,7,0,hole
0.0,7,0,hole
0.0,10,0,hole
0.0,2,0,hole
0.0,9,0,hole
0.0,6,0,hole
0.0,5,0,hole
0.0,2,0,hole
0.0,6,0,hole
0.0,15,0,hole
0.0,4,0,hole
0.0,6,0,hole
0.0,11,0,hole
0.0,12,0,hole
0.0,2,0,hole
0.0,2,0,hole
0.0,8,0,hole
0.0,2,0,hole
0.0,7,0,hole
0.0,11,0,hole
0.0,2,0,hole
0.0,4,0,hole
0.0,2,0,hole
0.0,4,0,hole
0.0,8,0,hole
0.0,15,0,hole
1.0,8,1,success
0.0,6,0,hole
0.0,13,0,hole
0.0,17,0,hole
0.0,13,0,hole
0.0,7,0,hole
0.0,6,0,hole
0.0,3,0,hole
0.0,10,0,hole
0.0,15,0,hole
0.0,16,0,hole
0.0,2,0,hole
0.0,12,0,hole
0.0,2,0,hole
0.0,9,0,hole
0.0,2,0,hole
0.0,11,0,hole
0.0,16,0,hole
0.0,18,0,hole
0.0,12,0,hole
0.0,5,0,hole
0.0,17,0,hole
0.0,5,0,hole
0.0,5,0,hole
0.0,2,0,hole
0.0,2,0,hole
0.0,2,0,hole
0.0,2,0,hole
0.0,5,0,hole
0.0,3,0,hole
0.0,6,0,hole
0.0,7,0,hole
0.0,5,0,hole
0.0,6,0,hole
0.0,10,0,hole
0.0,4,0,hole
0.0,3,0,hole
0.0,18,0,hole
0.0,4,0,hole
0.0,28,0,hole
0.0,4,0,hole
0.0,9,0,hole
0.0,18,0,hole
0.0,7,0,hole
0.0,3,0,hole
0.0,7,0,hole
0.0,19,0,hole
0.0,11,0,hole
0.0,2,0,hole
0.0,2,0,hole
0.0,3,0,hole
0.0,3,0,hole
0.0,13,0,hole
0.0,4,0,hole
0.0,4,0,hole
0.0,4,0,hole
0.0,3,0,hole
0.0,11,0,hole
0.0,4,0,hole
0.0,24,0,hole
0.0,10,0,hole
0.0,10,0,hole
0.0,8,0,hole
1.0,21,1,success
0.0,6,0,hole
0.0,9,0,hole
0.0,5,0,hole
0.0,3,0,hole
0.0,2,0,hole
0.0,4,0,hole
0.0,2,0,hole
0.0,2,0,hole
0.0,13,0,hole
0.0,3,0,hole
0.0,4,0,hole
0.0,6,0,hole
0.0,2,0,hole
0.0,3,0,hole
0.0,15,0,hole
0.0,8,0,hole
0.0,7,0,hole
1.0,12,1,success
0.0,2,0,hole
0.0,2,0,hole
0.0,4,0,hole
0.0,5,0,hole
0.0,2,0,hole
0.0,3,0,hole
0.0,2,0,hole
0.0,4,0,hole
0.0,35,0,hole
0.0,2,0,hole
0.0,7,0,hole
0.0,7,0,hole
0.0,4,0,hole
0.0,15,0,hole
0.0,5,0,hole
0.0,2,0,hole
0.0,2,0,hole
0.0,22,0,hole
0.0,8,0,hole
0.0,7,0,hole
0.0,11,0,hole
0.0,3,0,hole
0.0,11,0,hole
0.0,2,0,hole
0.0,6,0,hole
0.0,18,0,hole
0.0,3,0,hole
0.0,6,0,hole
0.0,5,0,hole
0.0,5,0,hole
0.0,6,0,hole
0.0,8,0,hole
0.0,2,0,hole
0.0,2,0,hole
0.0,6,0,hole
0.0,14,0,hole
0.0,9,0,hole
0.0,6,0,hole
0.0,12,0,hole
0.0,4,0,hole
0.0,31,0,hole
0.0,4,0,hole
0.0,2,0,hole
0.0,14,0,hole
0.0,3,0,hole
0.0,4,0,hole
0.0,13,0,hole
0.0,6,0,hole
0.0,9,0,hole
0.0,3,0,hole
0.0,8,0,hole
0.0,6,0,hole
0.0,4,0,hole
0.0,3,0,hole
0.0,5,0,hole
0.0,18,0,hole
0.0,6,0,hole
0.0,11,0,hole
0.0,18,0,hole
0.0,10,0,hole
0.0,12,0,hole
0.0,6,0,hole
0.0,12,0,hole
0.0,6,0,hole
0.0,5,0,hole
0.0,16,0,hole
0.0,7,0,hole
0.0,5,0,hole
0.0,3,0,hole
0.0,12,0,hole
0.0,3,0,hole
0.0,6,0,hole
0.0,7,0,hole
0.0,8,0,hole
0.0,9,0,hole
0.0,3,0,hole
0.0,8,0,hole
1.0,10,1,success
0.0,12,0,hole
0.0,4,0,hole
0.0,2,0,hole
0.0,7,0,hole
0.0,7,0,hole
0.0,5,0,hole
0.0,3,0,hole
0.0,4,0,hole
0.0,12,0,hole
0.0,3,0,hole
0.0,8,0,hole
0.0,8,0,hole
0.0,3,0,hole
0.0,11,0,hole
0.0,4,0,hole
0.0,4,0,hole
0.0,3,0,hole
0.0,13,0,hole
0.0,12,0,hole
0.0,3,0,hole
0.0,6,0,hole
0.0,3,0,hole
0.0,8,0,hole
0.0,4,0,hole
0.0,20,0,hole
0.0,11,0,hole
0.0,15,0,hole
0.0,2,0,hole
0.0,4,0,hole
0.0,7,0,hole
0.0,5,0,hole
0.0,3,0,hole
0.0,4,0,hole
0.0,7,0,hole
0.0,9,0,hole
0.0,8,0,hole
0.0,7,0,hole
0.0,22,0,hole
0.0,10,0,hole
0.0,3,0,hole
0.0,8,0,hole
0.0,4,0,hole
0.0,7,0,hole
0.0,4,0,hole
1.0,10,1,success
0.0,9,0,hole
0.0,6,0,hole
0.0,9,0,hole
0.0,8,0,hole
0.0,4,0,hole
0.0,2,0,hole
0.0,3,0,hole
0.0,4,0,hole
0.0,15,0,hole
0.0,5,0,hole
0.0,6,0,hole
0.0,5,0,hole
0.0,6,0,hole
0.0,9,0,hole
0.0,4,0,hole
0.0,6,0,hole
0.0,4,0,hole
0.0,2,0,hole
0.0,3,0,hole
0.0,2,0,hole
0.0,6,0,hole
0.0,9,0,hole
0.0,7,0,hole
0.0,6,0,hole
0.0,2,0,hole
0.0,12,0,hole
0.0,2,0,hole
0.0,19,0,hole
0.0,14,0,hole
0.0,4,0,hole
0.0,15,0,hole
0.0,4,0,hole
0.0,4,0,hole
0.0,2,0,hole
0.0,9,0,hole
0.0,2,0,hole
0.0,14,0,hole
0.0,7,0,hole
0.0,5,0,hole
0.0,3,0,hole
0.0,6,0,hole
0.0,13,0,hole
0.0,6,0,hole
0.0,8,0,hole
0.0,4,0,hole
0.0,12,0,hole
0.0,7,0,hole
0.0,12,0,hole
0.0,4,0,hole
0.0,5,0,hole
0.0,2,0,hole
0.0,6,0,hole
0.0,6,0,hole
0.0,2,0,hole
0.0,15,0,hole
0.0,10,0,hole
0.0,17,0,hole
0.0,5,0,hole
0.0,7,0,hole
0.0,8,0,hole
0.0,3,0,hole
0.0,9,0,hole
0.0,5,0,hole
0.0,9,0,hole
0.0,22,0,hole
0.0,4,0,hole
0.0,4,0,hole
0.0,8,0,hole
0.0,3,0,hole
0.0,5,0,hole
0.0,5,0,hole
0.0,9,0,hole
0.0,4,0,hole
0.0,14,0,hole
0.0,14,0,hole
0.0,4,0,hole
0.0,11,0,hole
0.0,9,0,hole
0.0,2,0,hole
0.0,9,0,hole
0.0,4,0,hole
0.0,5,0,hole
0.0,27,0,hole
0.0,11,0,hole
0.0,12,0,hole
0.0,4,0,hole
0.0,4,0,hole
0.0,7,0,hole
0.0,9,0,hole
0.0,7,0,hole
0.0,10,0,hole
0.0,14,0,hole
0.0,10,0,hole
0.0,3,0,hole
0.0,9,0,hole
0.0,3,0,hole
0.0,9,0,hole
0.0,2,0,hole
0.0,2,0,hole
0.0,5,0,hole
0.0,13,0,hole
0.0,14,0,hole
0.0,4,0,hole
0.0,3,0,hole
0.0,13,0,hole
0.0,2,0,hole
0.0,8,0,hole
0.0,4,0,hole
0.0,2,0,hole
0.0,6,0,hole
0.0,8,0,hole
0.0,20,0,hole
0.0,7,0,hole
0.0,13,0,hole
0.0,6,0,hole
0.0,7,0,hole
0.0,7,0,hole
0.0,4,0,hole
0.0,9,0,hole
0.0,2,0,hole
1.0,27,1,success
0.0,2,0,hole
0.0,9,0,hole
0.0,16,0,hole
0.0,6,0,hole
0.0,4,0,hole
0.0,12,0,hole
0.0,6,0,hole
0.0,2,0,hole
0.0,21,0,hole
0.0,13,0,hole
0.0,5,0,hole
0.0,4,0,hole
0.0,6,0,hole
0.0,5,0,hole
0.0,14,0,hole
0.0,4,0,hole
0.0,10,0,hole
0.0,7,0,hole
0.0,2,0,hole
0.0,6,0,hole
0.0,21,0,hole
0.0,15,0,hole
0.0,5,0,hole
0.0,4,0,hole
0.0,14,0,hole
0.0,25,0,hole
0.0,7,0,hole
0.0,6,0,hole
0.0,6,0,hole
0.0,10,0,hole
0.0,6,0,hole
0.0,5,0,hole
0.0,3,0,hole
0.0,3,0,hole
0.0,19,0,hole
0.0,7,0,hole
0.0,10,0,hole
0.0,2,0,hole
0.0,16,0,hole
0.0,19,0,hole
0.0,5,0,hole
0.0,8,0,hole
0.0,2,0,hole
0.0,16,0,hole
0.0,14,0,hole
0.0,5,0,hole
0.0,4,0,hole
0.0,12,0,hole
0.0,10,0,hole
0.0,20,0,hole
0.0,2,0,hole
0.0,7,0,hole
0.0,6,0,hole
0.0,21,0,hole
0.0,6,0,hole
0.0,2,0,hole
0.0,4,0,hole
0.0,6,0,hole
0.0,6,0,hole
0.0,6,0,hole
0.0,18,0,hole
0.0,10,0,hole
0.0,2,0,hole
0.0,3,0,hole
0.0,15,0,hole
0.0,11,0,hole
0.0,16,0,hole
0.0,6,0,hole
0.0,4,0,hole
0.0,3,0,hole
0.0,2,0,hole
0.0,10,0,hole
0.0,8,0,hole
0.0,4,0,hole
0.0,9,0,hole
0.0,7,0,hole
1.0,13,1,success
0.0,4,0,hole
0.0,13,0,hole
0.0,5,0,hole
0.0,9,0,hole
0.0,9,0,hole
0.0,11,0,hole
0.0,5,0,hole
0.0,7,0,hole
0.0,5,0,hole
0.0,3,0,hole
0.0,3,0,hole
0.0,6,0,hole
0.0,8,0,hole
0.0,2,0,hole
0.0,3,0,hole
0.0,9,0,hole
0.0,3,0,hole
0.0,8,0,hole
0.0,14,0,hole
0.0,3,0,hole
0.0,7,0,hole
0.0,11,0,hole
0.0,4,0,hole
0.0,12,0,hole
0.0,10,0,hole
0.0,9,0,hole
0.0,15,0,hole
0.0,3,0,hole
0.0,9,0,hole
0.0,6,0,hole
0.0,4,0,hole
0.0,2,0,hole
0.0,12,0,hole
0.0,4,0,hole
0.0,2,0,hole
0.0,14,0,hole
0.0,8,0,hole
0.0,6,0,hole
0.0,14,0,hole
0.0,5,0,hole
0.0,7,0,hole
0.0,2,0,hole
0.0,2,0,hole
0.0,9,0,hole
0.0,14,0,hole
0.0,2,0,hole
0.0,4,0,hole
0.0,12,0,hole
0.0,6,0,hole
0.0,9,0,hole
0.0,5,0,hole
0.0,8,0,hole
0.0,6,0,hole
0.0,7,0,hole
0.0,34,0,hole
0.0,4,0,hole
0.0,7,0,hole
0.0,3,0,hole
0.0,8,0,hole
0.0,3,0,hole
0.0,9,0,hole
0.0,7,0,hole
0.0,3,0,hole
0.0,8,0,hole
0.0,7,0,hole
0.0,5,0,hole
0.0,4,0,hole
0.0,4,0,hole
0.0,11,0,hole
0.0,4,0,hole
0.0,8,0,hole
0.0,6,0,hole
0.0,8,0,hole
0.0,10,0,hole
0.0,2,0,hole
0.0,14,0,hole
0.0,10,0,hole
0.0,7,0,hole
0.0,10,0,hole
0.0,2,0,hole
0.0,8,0,hole
0.0,5,0,hole
0.0,14,0,hole
0.0,5,0,hole
0.0,7,0,hole
0.0,2,0,hole
0.0,7,0,hole
0.0,8,0,hole
0.0,4,0,hole
0.0,7,0,hole
0.0,8,0,hole
0.0,6,0,hole
0.0,11,0,hole
0.0,18,0,hole
0.0,12,0,hole
0.0,5,0,hole
0.0,10,0,hole
0.0,8,0,hole
0.0,5,0,hole
0.0,12,0,hole
0.0,2,0,hole
0.0,7,0,hole
0.0,11,0,hole
0.0,16,0,hole
0.0,6,0,hole
0.0,2,0,hole
0.0,3,0,hole
0.0,9,0,hole
0.0,5,0,hole
0.0,2,0,hole
0.0,8,0,hole
0.0,5,0,hole
0.0,2,0,hole
0.0,5,0,hole
0.0,25,0,hole
0.0,9,0,hole
0.0,5,0,hole
0.0,6,0,hole
0.0,12,0,hole
0.0,8,0,hole
0.0,2,0,hole
0.0,4,0,hole
1.0,21,1,success
0.0,7,0,hole
0.0,3,0,hole
0.0,5,0,hole
0.0,11,0,hole
0.0,5,0,hole
0.0,7,0,hole
0.0,12,0,hole
0.0,15,0,hole
0.0,4,0,hole
0.0,9,0,hole
0.0,3,0,hole
0.0,5,0,hole
0.0,18,0,hole
1.0,17,1,success
0.0,15,0,hole
0.0,2,0,hole
0.0,8,0,hole
0.0,4,0,hole
0.0,12,0,hole
0.0,11,0,hole
0.0,4,0,hole
0.0,12,0,hole
0.0,2,0,hole
0.0,3,0,hole
0.0,8,0,hole
0.0,3,0,hole
0.0,3,0,hole
0.0,17,0,hole
0.0,2,0,hole
0.0,4,0,hole
0.0,2,0,hole
0.0,4,0,hole
0.0,10,0,hole
0.0,5,0,hole
0.0,15,0,hole
0.0,7,0,hole
0.0,8,0,hole
0.0,4,0,hole
0.0,4,0,hole
0.0,11,0,hole
0.0,2,0,hole
0.0,11,0,hole
0.0,11,0,hole
0.0,6,0,hole
0.0,8,0,hole
0.0,7,0,hole
0.0,5,0,hole
0.0,5,0,hole
0.0,4,0,hole
0.0,4,0,hole
0.0,15,0,hole
0.0,17,0,hole
0.0,11,0,hole
0.0,4,0,hole
0.0,3,0,hole
0.0,3,0,hole
0.0,3,0,hole
0.0,8,0,hole
0.0,18,0,hole
0.0,4,0,hole
0.0,5,0,hole
0.0,9,0,hole
0.0,12,0,hole
0.0,2,0,hole
0.0,4,0,hole
0.0,10,0,hole
0.0,6,0,hole
0.0,3,0,hole
0.0,4,0,hole
0.0,5,0,hole
0.0,2,0,hole
0.0,8,0,hole
0.0,6,0,hole
0.0,23,0,hole
0.0,9,0,hole
0.0,14,0,hole
0.0,17,0,hole
0.0,25,0,hole
0.0,3,0,hole
0.0,5,0,hole
0.0,6,0,hole
0.0,3,0,hole
0.0,3,0,hole
0.0,6,0,hole
0.0,2,0,hole
0.0,3,0,hole
0.0,3,0,hole
0.0,4,0,hole
0.0,16,0,hole
0.0,3,0,hole
0.0,9,0,hole
0.0,19,0,hole
0.0,4,0,hole
0.0,3,0,hole
0.0,8,0,hole
0.0,17,0,hole
0.0,15,0,hole
0.0,8,0,hole
0.0,5,0,hole
0.0,30,0,hole
0.0,9,0,hole
0.0,6,0,hole
0.0,15,0,hole
0.0,6,0,hole
0.0,13,0,hole
0.0,5,0,hole
0.0,2,0,hole
0.0,9,0,hole
0.0,7,0,hole
0.0,5,0,hole
0.0,2,0,hole
0.0,3,0,hole
0.0,3,0,hole
0.0,3,0,hole
0.0,6,0,hole
0.0,2,0,hole
0.0,15,0,hole
0.0,14,0,hole
0.0,13,0,hole
0.0,6,0,hole
0.0,4,0,hole
0.0,8,0,hole
0.0,7,0,hole
0.0,4,0,hole
0.0,12,0,hole
0.0,10,0,hole
0.0,2,0,hole
0.0,2,0,hole
0.0,6,0,hole
0.0,8,0,hole
0.0,8,0,hole
0.0,6,0,hole
0.0,4,0,hole
0.0,5,0,hole
0.0,8,0,hole
0.0,13,0,hole
0.0,9,0,hole
0.0,6,0,hole
0.0,10,0,hole
0.0,2,0,hole
0.0,13,0,hole
0.0,2,0,hole
0.0,11,0,hole
1.0,7,1,success
0.0,22,0,hole
0.0,15,0,hole
0.0,29,0,hole
0.0,2,0,hole
0.0,3,0,hole
0.0,7,0,hole
0.0,10,0,hole
0.0,6,0,hole
0.0,3,0,hole
0.0,9,0,hole
0.0,3,0,hole
0.0,6,0,hole
0.0,6,0,hole
0.0,4,0,hole
0.0,7,0,hole
0.0,2,0,hole
0.0,6,0,hole
0.0,13,0,hole
0.0,3,0,hole
0.0,9,0,hole
0.0,7,0,hole
0.0,13,0,hole
0.0,7,0,hole
0.0,4,0,hole
0.0,5,0,hole
0.0,3,0,hole
0.0,4,0,hole
0.0,6,0,hole
0.0,16,0,hole
0.0,13,0,hole
0.0,5,0,hole
0.0,18,0,hole
0.0,21,0,hole
0.0,10,0,hole
0.0,9,0,hole
0.0,3,0,hole
0.0,3,0,hole
0.0,3,0,hole
0.0,7,0,hole
0.0,15,0,hole
0.0,6,0,hole
0.0,8,0,hole
0.0,10,0,hole
0.0,2,0,hole
0.0,9,0,hole
0.0,12,0,hole
0.0,2,0,hole
0.0,6,0,hole
0.0,9,0,hole
0.0,5,0,hole
0.0,8,0,hole
0.0,3,0,hole
0.0,4,0,hole
0.0,9,0,hole
0.0,11,0,hole
0.0,6,0,hole
0.0,7,0,hole
0.0,9,0,hole
0.0,15,0,hole
0.0,4,0,hole
0.0,2,0,hole
0.0,4,0,hole
0.0,4,0,hole
0.0,5,0,hole
0.0,4,0,hole
0.0,2,0,hole
0.0,7,0,hole
0.0,4,0,hole
0.0,4,0,hole
0.0,3,0,hole
0.0,6,0,hole
0.0,24,0,hole
0.0,17,0,hole
0.0,4,0,hole
0.0,6,0,hole
0.0,4,0,hole
1.0,21,1,success
0.0,9,0,hole
0.0,3,0,hole
0.0,2,0,hole
0.0,4,0,hole
0.0,2,0,hole
0.0,10,0,hole
0.0,19,0,hole
0.0,2,0,hole
0.0,9,0,hole
0.0,14,0,hole
0.0,3,0,hole
0.0,6,0,hole
0.0,2,0,hole
0.0,3,0,hole
0.0,4,0,hole
0.0,5,0,hole
0.0,2,0,hole
0.0,4,0,hole
0.0,6,0,hole
0.0,6,0,hole
0.0,7,0,hole
0.0,3,0,hole
0.0,10,0,hole
0.0,2,0,hole
0.0,13,0,hole
0.0,7,0,hole
0.0,13,0,hole
0.0,17,0,hole
0.0,14,0,hole
0.0,5,0,hole
0.0,2,0,hole
0.0,3,0,hole
0.0,3,0,hole
0.0,5,0,hole
0.0,12,0,hole
0.0,5,0,hole
0.0,6,0,hole
0.0,5,0,hole
0.0,9,0,hole
0.0,12,0,hole
0.0,10,0,hole
0.0,7,0,hole
0.0,5,0,hole
0.0,3,0,hole
0.0,12,0,hole
0.0,7,0,hole
0.0,2,0,hole
0.0,8,0,hole
0.0,9,0,hole
0.0,15,0,hole
0.0,7,0,hole
0.0,6,0,hole
0.0,11,0,hole
0.0,3,0,hole
0.0,2,0,hole
0.0,2,0,hole
0.0,3,0,hole
0.0,19,0,hole
0.0,2,0,hole
0.0,7,0,hole
1.0,7,1,success
0.0,3,0,hole
0.0,8,0,hole
0.0,2,0,hole
0.0,7,0,hole
0.0,10,0,hole
0.0,8,0,hole
0.0,13,0,hole
0.0,8,0,hole
0.0,4,0,hole
0.0,6,0,hole
0.0,6,0,hole
0.0,5,0,hole
0.0,2,0,hole
0.0,9,0,hole
0.0,3,0,hole
0.0,4,0,hole
0.0,4,0,hole
0.0,13,0,hole
0.0,4,0,hole
0.0,8,0,hole
1.0,8,1,success
0.0,5,0,hole
0.0,22,0,hole
0.0,2,0,hole
0.0,6,0,hole
0.0,14,0,hole
0.0,6,0,hole
0.0,2,0,hole
0.0,5,0,hole
0.0,5,0,hole
0.0,3,0,hole
0.0,3,0,hole
0.0,2,0,hole
0.0,9,0,hole
1.0,13,1,success
0.0,21,0,hole
0.0,5,0,hole
0.0,9,0,hole
0.0,14,0,hole
0.0,15,0,hole
0.0,10,0,hole
0.0,3,0,hole
0.0,14,0,hole
0.0,9,0,hole
0.0,13,0,hole
0.0,9,0,hole
1.0,26,1,success
0.0,4,0,hole
0.0,7,0,hole
0.0,13,0,hole
0.0,6,0,hole
0.0,2,0,hole
0.0,3,0,hole
0.0,2,0,hole
0.0,13,0,hole
0.0,6,0,hole
0.0,3,0,hole
0.0,3,0,hole
0.0,20,0,hole
0.0,8,0,hole
0.0,4,0,hole
0.0,17,0,hole
0.0,2,0,hole
0.0,6,0,hole
0.0,3,0,hole
0.0,7,0,hole
0.0,2,0,hole
0.0,12,0,hole
0.0,17,0,hole
0.0,16,0,hole
0.0,2,0,hole
0.0,7,0,hole
0.0,7,0,hole
0.0,3,0,hole
0.0,5,0,hole
0.0,2,0,hole
0.0,5,0,hole
0.0,4,0,hole
0.0,9,0,hole
0.0,9,0,hole
0.0,8,0,hole
0.0,8,0,hole
0.0,7,0,hole
0.0,9,0,hole
0.0,5,0,hole
0.0,12,0,hole
0.0,3,0,hole
0.0,2,0,hole
0.0,4,0,hole
0.0,14,0,hole
0.0,12,0,hole
0.0,5,0,hole
0.0,6,0,hole
1.0,11,1,success
0.0,5,0,hole
0.0,5,0,hole
0.0,6,0,hole
0.0,10,0,hole
0.0,3,0,hole
0.0,4,0,hole
0.0,5,0,hole
0.0,24,0,hole
0.0,5,0,hole
0.0,5,0,hole
0.0,15,0,hole
0.0,18,0,hole
0.0,25,0,hole
0.0,4,0,hole
0.0,3,0,hole
0.0,4,0,hole
0.0,10,0,hole
0.0,6,0,hole
0.0,2,0,hole
0.0,7,0,hole
0.0,4,0,hole
0.0,4,0,hole
0.0,7,0,hole
0.0,11,0,hole
0.0,19,0,hole
0.0,9,0,hole
0.0,8,0,hole
0.0,15,0,hole
0.0,2,0,hole
0.0,6,0,hole
0.0,5,0,hole
0.0,17,0,hole
0.0,10,0,hole
0.0,12,0,hole
0.0,2,0,hole
0.0,4,0,hole
0.0,5,0,hole
0.0,6,0,hole
0.0,9,0,hole
0.0,3,0,hole
0.0,10,0,hole
0.0,2,0,hole
0.0,7,0,hole
0.0,6,0,hole
0.0,3,0,hole
0.0,3,0,hole
0.0,5,0,hole
0.0,2,0,hole
0.0,4,0,hole
0.0,3,0,hole
0.0,5,0,hole
0.0,11,0,hole
0.0,4,0,hole
0.0,7,0,hole
0.0,2,0,hole
0.0,6,0,hole
0.0,2,0,hole
0.0,3,0,hole
0.0,4,0,hole
0.0,8,0,hole
0.0,3,0,hole
0.0,8,0,hole
0.0,8,0,hole
0.0,7,0,hole
0.0,7,0,hole
0.0,4,0,hole
0.0,5,0,hole
0.0,3,0,hole
0.0,3,0,hole
0.0,5,0,hole
0.0,8,0,hole
1.0,16,1,success
0.0,10,0,hole
0.0,9,0,hole
0.0,10,0,hole
0.0,3,0,hole
0.0,13,0,hole
0.0,5,0,hole
0.0,9,0,hole
0.0,15,0,hole
0.0,4,0,hole
0.0,5,0,hole
0.0,12,0,hole
0.0,9,0,hole
0.0,6,0,hole
0.0,3,0,hole
0.0,11,0,hole
0.0,9,0,hole
0.0,5,0,hole
0.0,9,0,hole
0.0,3,0,hole
0.0,5,0,hole
0.0,4,0,hole
0.0,2,0,hole
0.0,10,0,hole
0.0,13,0,hole
0.0,3,0,hole
0.0,10,0,hole
0.0,6,0,hole
0.0,6,0,hole
0.0,6,0,hole
0.0,11,0,hole
0.0,2,0,hole
0.0,3,0,hole
0.0,13,0,hole
0.0,2,0,hole
0.0,3,0,hole
0.0,6,0,hole
0.0,3,0,hole
0.0,6,0,hole
0.0,15,0,hole
0.0,11,0,hole
0.0,6,0,hole
0.0,7,0,hole
0.0,5,0,hole
0.0,3,0,hole
0.0,2,0,hole
0.0,14,0,hole
0.0,13,0,hole
0.0,5,0,hole
0.0,14,0,hole
0.0,4,0,hole
0.0,5,0,hole
0.0,8,0,hole
0.0,3,0,hole
1.0,8,1,success
0.0,4,0,hole
0.0,10,0,hole
0.0,11,0,hole
0.0,25,0,hole
0.0,2,0,hole
0.0,4,0,hole
0.0,2,0,hole
0.0,2,0,hole
0.0,4,0,hole
0.0,6,0,hole
0.0,5,0,hole
0.0,10,0,hole
0.0,4,0,hole
0.0,2,0,hole
0.0,8,0,hole
0.0,4,0,hole
0.0,17,0,hole
0.0,11,0,hole
0.0,4,0,hole
0.0,5,0,hole
0.0,7,0,hole
0.0,4,0,hole
0.0,9,0,hole
0.0,22,0,hole
0.0,9,0,hole
0.0,2,0,hole
0.0,7,0,hole
1.0,7,1,success
0.0,6,0,hole
0.0,4,0,hole
0.0,22,0,hole
0.0,3,0,hole
0.0,4,0,hole
0.0,4,0,hole
0.0,3,0,hole
0.0,9,0,hole
0.0,7,0,hole
0.0,17,0,hole
0.0,2,0,hole
0.0,9,0,hole
0.0,2,0,hole
0.0,3,0,hole
0.0,16,0,hole
0.0,4,0,hole
0.0,7,0,hole
0.0,3,0,hole
0.0,4,0,hole
0.0,4,0,hole
0.0,4,0,hole
0.0,5,0,hole
0.0,7,0,hole
0.0,10,0,hole
0.0,13,0,hole
0.0,4,0,hole
0.0,7,0,hole
0.0,4,0,hole
0.0,3,0,hole
0.0,7,0,hole
0.0,7,0,hole
0.0,6,0,hole
0.0,6,0,hole
0.0,5,0,hole
0.0,6,0,hole
0.0,7,0,hole
0.0,23,0,hole
0.0,2,0,hole
0.0,13,0,hole
0.0,2,0,hole
0.0,2,0,hole
0.0,9,0,hole
0.0,11,0,hole
0.0,9,0,hole
0.0,7,0,hole
0.0,8,0,hole
0.0,7,0,hole
0.0,8,0,hole
0.0,11,0,hole
0.0,8,0,hole
0.0,8,0,hole
0.0,5,0,hole
0.0,9,0,hole
0.0,5,0,hole
0.0,2,0,hole
0.0,12,0,hole
0.0,9,0,hole
0.0,5,0,hole
0.0,5,0,hole
1.0,10,1,success
0.0,9,0,hole
0.0,13,0,hole
0.0,7,0,hole
0.0,6,0,hole
0.0,20,0,hole
0.0,6,0,hole
0.0,4,0,hole
0.0,12,0,hole
0.0,21,0,hole
0.0,2,0,hole
0.0,7,0,hole
0.0,10,0,hole
0.0,4,0,hole
0.0,3,0,hole
0.0,14,0,hole
0.0,2,0,hole
0.0,2,0,hole
0.0,3,0,hole
0.0,16,0,hole
0.0,2,0,hole
0.0,8,0,hole
0.0,3,0,hole
0.0,4,0,hole
0.0,12,0,hole
0.0,7,0,hole
0.0,15,0,hole
0.0,5,0,hole
0.0,13,0,hole
0.0,2,0,hole
0.0,13,0,hole
0.0,10,0,hole
0.0,5,0,hole
0.0,3,0,hole
0.0,13,0,hole
0.0,3,0,hole
0.0,10,0,hole
0.0,31,0,hole
0.0,9,0,hole
0.0,10,0,hole
0.0,9,0,hole
0.0,13,0,hole
0.0,8,0,hole
0.0,5,0,hole
0.0,7,0,hole
0.0,3,0,hole
0.0,6,0,hole
0.0,5,0,hole
0.0,7,0,hole
0.0,3,0,hole
0.0,9,0,hole
0.0,2,0,hole
0.0,14,0,hole
0.0,4,0,hole
0.0,8,0,hole
0.0,2,0,hole
0.0,3,0,hole
0.0,14,0,hole
0.0,6,0,hole
0.0,3,0,hole
0.0,9,0,hole
0.0,5,0,hole
0.0,5,0,hole
0.0,6,0,hole
0.0,5,0,hole
0.0,4,0,hole
0.0,11,0,hole
0.0,3,0,hole
0.0,6,0,hole
0.0,4,0,hole
0.0,5,0,hole
0.0,2,0,hole
0.0,4,0,hole
0.0,3,0,hole
0.0,3,0,hole
0.0,8,0,hole
1.0,21,1,success
0.0,22,0,hole
0.0,17,0,hole
0.0,5,0,hole
0.0,10,0,hole
0.0,4,0,hole
0.0,11,0,hole
0.0,3,0,hole
0.0,4,0,hole
0.0,4,0,hole
0.0,6,0,hole
0.0,5,0,hole
0.0,2,0,hole
0.0,7,0,hole
0.0,3,0,hole
0.0,4,0,hole
0.0,4,0,hole
0.0,7,0,hole
0.0,13,0,hole
0.0,7,0,hole
0.0,6,0,hole
1.0,13,1,success
0.0,8,0,hole
0.0,4,0,hole
0.0,4,0,hole
0.0,4,0,hole
0.0,8,0,hole
0.0,6,0,hole
0.0,4,0,hole
0.0,8,0,hole
0.0,5,0,hole
0.0,6,0,hole
0.0,5,0,hole
0.0,2,0,hole
0.0,2,0,hole
0.0,3,0,hole
0.0,11,0,hole
0.0,9,0,hole
0.0,6,0,hole
0.0,8,0,hole
0.0,4,0,hole
0.0,7,0,hole
0.0,4,0,hole
0.0,8,0,hole
0.0,16,0,hole
0.0,15,0,hole
0.0,2,0,hole
0.0,10,0,hole
0.0,5,0,hole
0.0,3,0,hole
0.0,5,0,hole
0.0,8,0,hole
0.0,3,0,hole
0.0,11,0,hole
0.0,2,0,hole
1.0,10,1,success
0.0,4,0,hole
0.0,3,0,hole
0.0,5,0,hole
0.0,10,0,hole
0.0,9,0,hole
0.0,3,0,hole
0.0,8,0,hole
0.0,18,0,hole
0.0,4,0,hole
0.0,7,0,hole
0.0,16,0,hole
0.0,2,0,hole
0.0,6,0,hole
0.0,15,0,hole
0.0,8,0,hole
0.0,3,0,hole
0.0,2,0,hole
0.0,4,0,hole
0.0,7,0,hole
0.0,3,0,hole
0.0,9,0,hole
0.0,6,0,hole
0.0,20,0,hole
0.0,12,0,hole
0.0,6,0,hole
0.0,5,0,hole
0.0,5,0,hole
0.0,4,0,hole
0.0,2,0,hole
0.0,9,0,hole
0.0,14,0,hole
0.0,7,0,hole
0.0,13,0,hole
0.0,13,0,hole
0.0,9,0,hole
0.0,7,0,hole
0.0,2,0,hole
0.0,5,0,hole
0.0,5,0,hole
0.0,6,0,hole
0.0,10,0,hole
0.0,9,0,hole
0.0,4,0,hole
0.0,8,0,hole
0.0,4,0,hole
0.0,5,0,hole
0.0,4,0,hole
0.0,9,0,hole
0.0,14,0,hole
0.0,15,0,hole
0.0,2,0,hole
0.0,3,0,hole
0.0,9,0,hole
1.0,9,1,success
0.0,2,0,hole
0.0,14,0,hole
0.0,2,0,hole
0.0,10,0,hole
0.0,6,0,hole
0.0,6,0,hole
0.0,2,0,hole
0.0,3,0,hole
0.0,3,0,hole
0.0,13,0,hole
0.0,11,0,hole
0.0,9,0,hole
0.0,20,0,hole
0.0,5,0,hole
0.0,4,0,hole
0.0,7,0,hole
0.0,5,0,hole
0.0,34,0,hole
0.0,8,0,hole
0.0,8,0,hole
0.0,2,0,hole
0.0,2,0,hole
0.0,4,0,hole
0.0,5,0,hole
0.0,11,0,hole
0.0,2,0,hole
0.0,6,0,hole
0.0,9,0,hole
0.0,2,0,hole
0.0,24,0,hole
0.0,4,0,hole
0.0,13,0,hole
0.0,11,0,hole
0.0,6,0,hole
0.0,5,0,hole
0.0,15,0,hole
0.0,12,0,hole
0.0,2,0,hole
0.0,4,0,hole
0.0,3,0,hole
0.0,4,0,hole
0.0,19,0,hole
0.0,4,0,hole
0.0,7,0,hole
0.0,4,0,hole
0.0,7,0,hole
0.0,13,0,hole
0.0,16,0,hole
0.0,13,0,hole
0.0,3,0,hole
0.0,58,0,hole
0.0,4,0,hole
0.0,12,0,hole
0.0,3,0,hole
0.0,3,0,hole
0.0,5,0,hole
0.0,14,0,hole
0.0,4,0,hole
0.0,4,0,hole
0.0,2,0,hole
0.0,15,0,hole
0.0,8,0,hole
0.0,24,0,hole
0.0,6,0,hole
0.0,5,0,hole
0.0,6,0,hole
0.0,5,0,hole
0.0,4,0,hole
0.0,6,0,hole
1.0,17,1,success
0.0,14,0,hole
0.0,6,0,hole
0.0,15,0,hole
0.0,5,0,hole
0.0,7,0,hole
0.0,8,0,hole
0.0,2,0,hole
0.0,2,0,hole
0.0,3,0,hole
0.0,4,0,hole
0.0,6,0,hole
0.0,10,0,hole
0.0,8,0,hole
0.0,9,0,hole
0.0,6,0,hole
0.0,8,0,hole
0.0,7,0,hole
0.0,8,0,hole
1.0,16,1,success
0.0,24,0,hole
0.0,9,0,hole
1.0,9,1,success
0.0,2,0,hole
0.0,3,0,hole
0.0,5,0,hole
0.0,13,0,hole
0.0,5,0,hole
0.0,6,0,hole
0.0,5,0,hole
0.0,11,0,hole
0.0,4,0,hole
0.0,8,0,hole
0.0,7,0,hole
0.0,8,0,hole
0.0,2,0,hole
0.0,2,0,hole
0.0,23,0,hole
0.0,9,0,hole
0.0,13,0,hole
0.0,5,0,hole
0.0,4,0,hole
0.0,2,0,hole
0.0,2,0,hole
0.0,3,0,hole
0.0,2,0,hole
0.0,7,0,hole
0.0,5,0,hole
0.0,5,0,hole
0.0,4,0,hole
0.0,5,0,hole
0.0,3,0,hole
0.0,10,0,hole
0.0,7,0,hole
0.0,6,0,hole
0.0,22,0,hole
0.0,12,0,hole
0.0,8,0,hole
0.0,7,0,hole
0.0,5,0,hole
0.0,8,0,hole
0.0,5,0,hole
0.0,15,0,hole
0.0,21,0,hole
0.0,18,0,hole
0.0,10,0,hole
0.0,2,0,hole
0.0,13,0,hole
0.0,3,0,hole
0.0,12,0,hole
1.0,27,1,success
0.0,3,0,hole
0.0,2,0,hole
0.0,19,0,hole
0.0,3,0,hole
0.0,4,0,hole
0.0,7,0,hole
0.0,12,0,hole
0.0,9,0,hole
0.0,7,0,hole
0.0,4,0,hole
0.0,2,0,hole
0.0,2,0,hole
0.0,10,0,hole
0.0,6,0,hole
0.0,4,0,hole
0.0,5,0,hole
0.0,9,0,hole
0.0,15,0,hole
0.0,9,0,hole
0.0,4,0,hole
0.0,3,0,hole
0.0,3,0,hole
0.0,8,0,hole
0.0,2,0,hole
0.0,7,0,hole
0.0,10,0,hole
0.0,2,0,hole
0.0,2,0,hole
0.0,10,0,hole
0.0,3,0,hole
0.0,8,0,hole
0.0,12,0,hole
0.0,4,0,hole
0.0,18,0,hole
0.0,16,0,hole
0.0,7,0,hole
0.0,19,0,hole
0.0,9,0,hole
0.0,14,0,hole
0.0,3,0,hole
0.0,5,0,hole
0.0,17,0,hole
0.0,18,0,hole
0.0,9,0,hole
0.0,2,0,hole
0.0,20,0,hole
0.0,10,0,hole
0.0,4,0,hole
0.0,16,0,hole
0.0,4,0,hole
0.0,9,0,hole
0.0,7,0,hole
0.0,3,0,hole
0.0,6,0,hole
0.0,2,0,hole
0.0,12,0,hole
0.0,20,0,hole
0.0,4,0,hole
0.0,5,0,hole
0.0,2,0,hole
0.0,5,0,hole
0.0,12,0,hole
0.0,23,0,hole
0.0,14,0,hole
0.0,12,0,hole
0.0,7,0,hole
0.0,4,0,hole
0.0,2,0,hole
0.0,6,0,hole
0.0,6,0,hole
0.0,7,0,hole
0.0,4,0,hole
0.0,10,0,hole
1.0,25,1,success
0.0,5,0,hole
0.0,7,0,hole
0.0,8,0,hole
0.0,3,0,hole
0.0,5,0,hole
0.0,3,0,hole
0.0,2,0,hole
0.0,5,0,hole
0.0,9,0,hole
0.0,3,0,hole
0.0,6,0,hole
0.0,6,0,hole
0.0,9,0,hole
0.0,4,0,hole
0.0,4,0,hole
0.0,2,0,hole
0.0,2,0,hole
0.0,6,0,hole
0.0,4,0,hole
0.0,4,0,hole
0.0,4,0,hole
0.0,9,0,hole
0.0,9,0,hole
0.0,7,0,hole
0.0,4,0,hole
0.0,8,0,hole
0.0,9,0,hole
0.0,8,0,hole
0.0,6,0,hole
0.0,5,0,hole
0.0,4,0,hole
0.0,3,0,hole
0.0,3,0,hole
0.0,5,0,hole
0.0,4,0,hole
0.0,2,0,hole
0.0,5,0,hole
0.0,4,0,hole
0.0,3,0,hole
0.0,13,0,hole
0.0,13,0,hole
0.0,8,0,hole
0.0,5,0,hole
0.0,4,0,hole
0.0,3,0,hole
0.0,4,0,hole
0.0,4,0,hole
0.0,17,0,hole
0.0,2,0,hole
0.0,6,0,hole
0.0,8,0,hole
0.0,3,0,hole
0.0,13,0,hole
0.0,7,0,hole
0.0,2,0,hole
0.0,3,0,hole
0.0,8,0,hole
0.0,5,0,hole
0.0,2,0,hole
0.0,3,0,hole
0.0,3,0,hole
0.0,9,0,hole
0.0,9,0,hole
0.0,3,0,hole
0.0,11,0,hole
0.0,11,0,hole
0.0,6,0,hole
0.0,3,0,hole
0.0,7,0,hole
0.0,15,0,hole
0.0,6,0,hole
0.0,4,0,hole
0.0,7,0,hole
0.0,3,0,hole
0.0,2,0,hole
0.0,10,0,hole
0.0,3,0,hole
0.0,11,0,hole
0.0,2,0,hole
0.0,3,0,hole
0.0,7,0,hole
0.0,12,0,hole
0.0,7,0,hole
0.0,4,0,hole
0.0,7,0,hole
0.0,11,0,hole
0.0,10,0,hole
0.0,6,0,hole
0.0,3,0,hole
0.0,10,0,hole
0.0,8,0,hole
0.0,19,0,hole
0.0,10,0,hole
0.0,16,0,hole
0.0,12,0,hole
0.0,4,0,hole
0.0,5,0,hole
0.0,5,0,hole
0.0,2,0,hole
0.0,16,0,hole
0.0,11,0,hole
0.0,5,0,hole
0.0,8,0,hole
0.0,7,0,hole
0.0,18,0,hole
0.0,18,0,hole
0.0,4,0,hole
0.0,2,0,hole
0.0,5,0,hole
0.0,11,0,hole
0.0,7,0,hole
0.0,3,0,hole
0.0,5,0,hole
0.0,13,0,hole
0.0,5,0,hole
0.0,4,0,hole
0.0,11,0,hole
0.0,7,0,hole
0.0,8,0,hole
0.0,5,0,hole
0.0,6,0,hole
0.0,11,0,hole
0.0,5,0,hole
0.0,9,0,hole
0.0,4,0,hole
0.0,2,0,hole
0.0,3,0,hole
0.0,4,0,hole
0.0,3,0,hole
0.0,3,0,hole
0.0,4,0,hole
0.0,8,0,hole
1.0,7,1,success
0.0,8,0,hole
0.0,2,0,hole
0.0,2,0,hole
0.0,22,0,hole
0.0,7,0,hole
0.0,16,0,hole
0.0,6,0,hole
0.0,17,0,hole
0.0,10,0,hole
0.0,4,0,hole
0.0,10,0,hole
0.0,10,0,hole
0.0,13,0,hole
0.0,4,0,hole
0.0,3,0,hole
0.0,3,0,hole
0.0,9,0,hole
0.0,11,0,hole
0.0,3,0,hole
0.0,12,0,hole
0.0,2,0,hole
0.0,4,0,hole
0.0,15,0,hole
0.0,9,0,hole
0.0,3,0,hole
0.0,12,0,hole
0.0,4,0,hole
0.0,7,0,hole
0.0,14,0,hole
0.0,11,0,hole
0.0,5,0,hole
0.0,4,0,hole
0.0,13,0,hole
0.0,34,0,hole
0.0,8,0,hole
0.0,2,0,hole
0.0,21,0,hole
0.0,7,0,hole
0.0,2,0,hole
0.0,21,0,hole
0.0,3,0,hole
0.0,5,0,hole
0.0,17,0,hole
0.0,9,0,hole
0.0,3,0,hole
0.0,6,0,hole
0.0,15,0,hole
0.0,16,0,hole
0.0,5,0,hole
0.0,19,0,hole
0.0,9,0,hole
0.0,9,0,hole
0.0,4,0,hole
0.0,5,0,hole
0.0,17,0,hole
0.0,11,0,hole
0.0,7,0,hole
0.0,3,0,hole
0.0,3,0,hole
0.0,9,0,hole
0.0,12,0,hole
0.0,8,0,hole
0.0,2,0,hole
0.0,2,0,hole
0.0,5,0,hole
0.0,5,0,hole
0.0,8,0,hole
0.0,5,0,hole
0.0,3,0,hole
0.0,12,0,hole
0.0,10,0,hole
0.0,2,0,hole
0.0,5,0,hole
0.0,6,0,hole
0.0,13,0,hole
0.0,7,0,hole
0.0,12,0,hole
1.0,20,1,success
0.0,2,0,hole
0.0,16,0,hole
0.0,9,0,hole
0.0,3,0,hole
0.0,15,0,hole
0.0,3,0,hole
0.0,2,0,hole
0.0,8,0,hole
0.0,8,0,hole
0.0,3,0,hole
0.0,4,0,hole
0.0,6,0,hole
0.0,5,0,hole
0.0,2,0,hole
0.0,6,0,hole
1.0,16,1,success
0.0,9,0,hole
0.0,8,0,hole
0.0,7,0,hole
0.0,26,0,hole
0.0,2,0,hole
0.0,8,0,hole
0.0,7,0,hole
0.0,7,0,hole
0.0,2,0,hole
0.0,11,0,hole
0.0,11,0,hole
0.0,5,0,hole
0.0,2,0,hole
0.0,5,0,hole
0.0,10,0,hole
0.0,3,0,hole
0.0,10,0,hole
0.0,5,0,hole
0.0,12,0,hole
0.0,10,0,hole
0.0,9,0,hole
0.0,18,0,hole
0.0,2,0,hole
0.0,3,0,hole
0.0,3,0,hole
0.0,11,0,hole
0.0,6,0,hole
0.0,11,0,hole
0.0,4,0,hole
0.0,5,0,hole
0.0,5,0,hole
0.0,8,0,hole
0.0,11,0,hole
0.0,4,0,hole
0.0,9,0,hole
0.0,5,0,hole
0.0,2,0,hole
0.0,7,0,hole
0.0,6,0,hole
0.0,4,0,hole
0.0,6,0,hole
0.0,2,0,hole
0.0,3,0,hole
0.0,9,0,hole
0.0,8,0,hole
0.0,2,0,hole
0.0,9,0,hole
0.0,2,0,hole
0.0,2,0,hole
0.0,3,0,hole
0.0,2,0,hole
0.0,3,0,hole
0.0,24,0,hole
0.0,4,0,hole
0.0,2,0,hole
0.0,3,0,hole
0.0,19,0,hole
0.0,25,0,hole
0.0,10,0,hole
0.0,21,0,hole
0.0,4,0,hole
0.0,7,0,hole
0.0,5,0,hole
0.0,21,0,hole
0.0,6,0,hole
0.0,3,0,hole
0.0,30,0,hole
0.0,14,0,hole
0.0,13,0,hole
0.0,3,0,hole
0.0,2,0,hole
0.0,11,0,hole
0.0,5,0,hole
0.0,7,0,hole
0.0,5,0,hole
0.0,9,0,hole
0.0,10,0,hole
0.0,2,0,hole
0.0,8,0,hole
0.0,10,0,hole
0.0,3,0,hole
0.0,11,0,hole
0.0,6,0,hole
0.0,2,0,hole
0.0,5,0,hole
0.0,9,0,hole
0.0,10,0,hole
0.0,13,0,hole
0.0,4,0,hole
0.0,14,0,hole
0.0,9,0,hole
0.0,10,0,hole
0.0,4,0,hole
0.0,4,0,hole
0.0,7,0,hole
0.0,5,0,hole
0.0,8,0,hole
0.0,6,0,hole
0.0,2,0,hole
0.0,5,0,hole
1.0,10,1,success
0.0,3,0,hole
0.0,2,0,hole
0.0,2,0,hole
0.0,9,0,hole
0.0,11,0,hole
0.0,3,0,hole
0.0,3,0,hole
0.0,3,0,hole
0.0,15,0,hole
0.0,5,0,hole
0.0,8,0,hole
0.0,3,0,hole
0.0,11,0,hole
0.0,6,0,hole
0.0,2,0,hole
0.0,7,0,hole
0.0,6,0,hole
0.0,7,0,hole
0.0,10,0,hole
0.0,3,0,hole
0.0,7,0,hole
0.0,2,0,hole
0.0,17,0,hole
0.0,2,0,hole
0.0,22,0,hole
0.0,11,0,hole
0.0,12,0,hole
0.0,5,0,hole
0.0,4,0,hole
0.0,10,0,hole
0.0,7,0,hole
0.0,2,0,hole
0.0,4,0,hole
0.0,8,0,hole
0.0,4,0,hole
0.0,7,0,hole
0.0,21,0,hole
0.0,8,0,hole
0.0,11,0,hole
0.0,16,0,hole
0.0,10,0,hole
0.0,3,0,hole
0.0,5,0,hole
0.0,13,0,hole
0.0,3,0,hole
0.0,3,0,hole
0.0,2,0,hole
0.0,3,0,hole
0.0,3,0,hole
0.0,10,0,hole
0.0,9,0,hole
0.0,4,0,hole
0.0,8,0,hole
0.0,2,0,hole
0.0,2,0,hole
0.0,9,0,hole
0.0,20,0,hole
0.0,8,0,hole
0.0,2,0,hole
0.0,2,0,hole
0.0,2,0,hole
0.0,7,0,hole
0.0,2,0,hole
0.0,4,0,hole
0.0,13,0,hole
0.0,8,0,hole
0.0,3,0,hole
0.0,5,0,hole
0.0,22,0,hole
0.0,5,0,hole
0.0,12,0,hole
0.0,7,0,hole
0.0,5,0,hole
0.0,4,0,hole
0.0,14,0,hole
0.0,9,0,hole
0.0,6,0,hole
0.0,3,0,hole
0.0,11,0,hole
0.0,2,0,hole
0.0,4,0,hole
0.0,11,0,hole
0.0,2,0,hole
0.0,15,0,hole
0.0,6,0,hole
0.0,6,0,hole
0.0,4,0,hole
0.0,2,0,hole
0.0,2,0,hole
0.0,2,0,hole
0.0,4,0,hole
0.0,8,0,hole
0.0,4,0,hole
0.0,16,0,hole
0.0,7,0,hole
0.0,19,0,hole
0.0,4,0,hole
0.0,3,0,hole
0.0,13,0,hole
0.0,2,0,hole
0.0,3,0,hole
0.0,3,0,hole
0.0,7,0,hole
0.0,7,0,hole
0.0,3,0,hole
0.0,9,0,hole
0.0,12,0,hole
0.0,14,0,hole
0.0,7,0,hole
0.0,6,0,hole
0.0,12,0,hole
0.0,3,0,hole
0.0,7,0,hole
0.0,2,0,hole
0.0,15,0,hole
0.0,9,0,hole
0.0,12,0,hole
0.0,3,0,hole
1.0,7,1,success
0.0,4,0,hole
0.0,6,0,hole
0.0,16,0,hole
0.0,2,0,hole
0.0,9,0,hole
0.0,6,0,hole
0.0,9,0,hole
0.0,10,0,hole
0.0,8,0,hole
0.0,6,0,hole
0.0,7,0,hole
0.0,16,0,hole
0.0,2,0,hole
0.0,20,0,hole
0.0,5,0,hole
0.0,10,0,hole
0.0,4,0,hole
0.0,5,0,hole
0.0,14,0,hole
0.0,10,0,hole
0.0,18,0,hole
0.0,6,0,hole
0.0,5,0,hole
0.0,6,0,hole
0.0,15,0,hole
0.0,8,0,hole
0.0,15,0,hole
0.0,2,0,hole
0.0,6,0,hole
0.0,6,0,hole
0.0,9,0,hole
0.0,18,0,hole
0.0,3,0,hole
0.0,6,0,hole
0.0,4,0,hole
0.0,6,0,hole
0.0,13,0,hole
0.0,12,0,hole
0.0,6,0,hole
0.0,2,0,hole
0.0,3,0,hole
0.0,5,0,hole
0.0,6,0,hole
0.0,4,0,hole
0.0,9,0,hole
0.0,6,0,hole
0.0,2,0,hole
0.0,6,0,hole
0.0,12,0,hole
0.0,17,0,hole
0.0,3,0,hole
0.0,6,0,hole
0.0,6,0,hole
0.0,6,0,hole
0.0,3,0,hole
0.0,12,0,hole
0.0,2,0,hole
0.0,2,0,hole
0.0,5,0,hole
0.0,10,0,hole
0.0,2,0,hole
0.0,2,0,hole
0.0,10,0,hole
0.0,13,0,hole
0.0,2,0,hole
0.0,8,0,hole
0.0,2,0,hole
0.0,3,0,hole
0.0,7,0,hole
0.0,11,0,hole
0.0,5,0,hole
0.0,2,0,hole
0.0,5,0,hole
0.0,2,0,hole
0.0,4,0,hole
0.0,8,0,hole
0.0,33,0,hole
0.0,2,0,hole
0.0,8,0,hole
0.0,12,0,hole
0.0,11,0,hole
0.0,11,0,hole
0.0,2,0,hole
0.0,8,0,hole
0.0,8,0,hole
0.0,7,0,hole
0.0,4,0,hole
0.0,2,0,hole
0.0,8,0,hole
0.0,4,0,hole
0.0,5,0,hole
0.0,2,0,hole
0.0,24,0,hole
0.0,3,0,hole
0.0,3,0,hole
0.0,4,0,hole
0.0,7,0,hole
0.0,5,0,hole
0.0,4,0,hole
0.0,6,0,hole
0.0,3,0,hole
0.0,6,0,hole
0.0,15,0,hole
0.0,10,0,hole
0.0,4,0,hole
0.0,4,0,hole
0.0,9,0,hole
0.0,3,0,hole
0.0,15,0,hole
0.0,16,0,hole
0.0,4,0,hole
0.0,4,0,hole
0.0,2,0,hole
0.0,4,0,hole
0.0,11,0,hole
0.0,12,0,hole
0.0,3,0,hole
0.0,10,0,hole
0.0,7,0,hole
0.0,12,0,hole
0.0,10,0,hole
0.0,17,0,hole
0.0,6,0,hole
0.0,4,0,hole
0.0,3,0,hole
0.0,4,0,hole
0.0,17,0,hole
0.0,5,0,hole
0.0,9,0,hole
0.0,2,0,hole
0.0,5,0,hole
0.0,13,0,hole
0.0,13,0,hole
0.0,6,0,hole
0.0,5,0,hole
0.0,2,0,hole
0.0,3,0,hole
0.0,12,0,hole
0.0,28,0,hole
0.0,3,0,hole
0.0,11,0,hole
0.0,2,0,hole
0.0,5,0,hole
0.0,3,0,hole
0.0,12,0,hole
0.0,5,0,hole
0.0,2,0,hole
0.0,4,0,hole
0.0,5,0,hole
0.0,4,0,hole
0.0,9,0,hole
0.0,5,0,hole
0.0,8,0,hole
0.0,12,0,hole
0.0,7,0,hole
0.0,5,0,hole
0.0,4,0,hole
0.0,2,0,hole
0.0,8,0,hole
0.0,6,0,hole
0.0,9,0,hole
0.0,7,0,hole
0.0,21,0,hole
0.0,4,0,hole
0.0,5,0,hole
0.0,4,0,hole
0.0,18,0,hole
0.0,4,0,hole
0.0,6,0,hole
0.0,3,0,hole
0.0,18,0,hole
0.0,3,0,hole
0.0,8,0,hole
0.0,3,0,hole
0.0,6,0,hole
0.0,6,0,hole
0.0,6,0,hole
0.0,9,0,hole
0.0,9,0,hole
0.0,3,0,hole
0.0,9,0,hole
0.0,6,0,hole
0.0,6,0,hole
0.0,7,0,hole
0.0,14,0,hole
0.0,5,0,hole
0.0,12,0,hole
0.0,3,0,hole
0.0,3,0,hole
0.0,12,0,hole
0.0,7,0,hole
0.0,12,0,hole
0.0,7,0,hole
0.0,6,0,hole
0.0,2,0,hole
0.0,4,0,hole
0.0,2,0,hole
0.0,2,0,hole
0.0,10,0,hole
0.0,10,0,hole
0.0,6,0,hole
0.0,4,0,hole
0.0,4,0,hole
0.0,8,0,hole
0.0,4,0,hole
0.0,9,0,hole
0.0,7,0,hole
0.0,5,0,hole
0.0,7,0,hole
0.0,3,0,hole
0.0,6,0,hole
0.0,2,0,hole
0.0,2,0,hole
0.0,8,0,hole
0.0,8,0,hole
0.0,2,0,hole
0.0,2,0,hole
0.0,4,0,hole
0.0,2,0,hole
0.0,8,0,hole
0.0,10,0,hole
0.0,6,0,hole
0.0,14,0,hole
0.0,12,0,hole
0.0,14,0,hole
0.0,6,0,hole
0.0,12,0,hole
0.0,16,0,hole
0.0,4,0,hole
0.0,2,0,hole
0.0,5,0,hole
0.0,2,0,hole
0.0,6,0,hole
0.0,9,0,hole
0.0,18,0,hole
0.0,3,0,hole
1.0,14,1,success
0.0,7,0,hole
0.0,4,0,hole
0.0,6,0,hole
0.0,22,0,hole
0.0,5,0,hole
1.0,8,1,success
0.0,9,0,hole
0.0,6,0,hole
0.0,12,0,hole
0.0,5,0,hole
0.0,9,0,hole
0.0,6,0,hole
0.0,6,0,hole
0.0,2,0,hole
0.0,13,0,hole
0.0,2,0,hole
0.0,6,0,hole
0.0,3,0,hole
0.0,8,0,hole
0.0,10,0,hole
0.0,4,0,hole
0.0,5,0,hole
0.0,2,0,hole
0.0,14,0,hole
0.0,5,0,hole
0.0,9,0,hole
0.0,9,0,hole
0.0,7,0,hole
0.0,3,0,hole
0.0,2,0,hole
0.0,9,0,hole
0.0,11,0,hole
0.0,5,0,hole
0.0,4,0,hole
0.0,12,0,hole
0.0,16,0,hole
0.0,7,0,hole
0.0,8,0,hole
0.0,7,0,hole
0.0,10,0,hole
0.0,6,0,hole
0.0,2,0,hole
0.0,14,0,hole
0.0,14,0,hole
0.0,9,0,hole
0.0,26,0,hole
0.0,16,0,hole
1.0,9,1,success
0.0,5,0,hole
0.0,5,0,hole
0.0,6,0,hole
0.0,6,0,hole
0.0,4,0,hole
0.0,3,0,hole
0.0,5,0,hole
0.0,5,0,hole
0.0,3,0,hole
0.0,12,0,hole
0.0,2,0,hole
0.0,2,0,hole
0.0,9,0,hole
0.0,4,0,hole
0.0,20,0,hole
0.0,10,0,hole
0.0,5,0,hole
0.0,6,0,hole
0.0,2,0,hole
0.0,3,0,hole
0.0,6,0,hole
0.0,20,0,hole
0.0,7,0,hole
0.0,4,0,hole
0.0,3,0,hole
0.0,10,0,hole
0.0,3,0,hole
0.0,9,0,hole
0.0,13,0,hole
0.0,8,0,hole
0.0,2,0,hole
0.0,5,0,hole
0.0,7,0,hole
0.0,6,0,hole
0.0,15,0,hole
0.0,7,0,hole
0.0,17,0,hole
0.0,20,0,hole
0.0,3,0,hole
0.0,7,0,hole
0.0,3,0,hole
0.0,6,0,hole
0.0,4,0,hole
0.0,5,0,hole
0.0,4,0,hole
0.0,5,0,hole
0.0,3,0,hole
0.0,7,0,hole
0.0,15,0,hole
0.0,5,0,hole
0.0,6,0,hole
0.0,5,0,hole
0.0,5,0,hole
0.0,5,0,hole
0.0,14,0,hole
0.0,7,0,hole
0.0,3,0,hole
0.0,6,0,hole
0.0,9,0,hole
0.0,6,0,hole
0.0,2,0,hole
0.0,9,0,hole
0.0,3,0,hole
0.0,4,0,hole
0.0,6,0,hole
0.0,10,0,hole
0.0,5,0,hole
0.0,17,0,hole
0.0,3,0,hole
0.0,7,0,hole
0.0,2,0,hole
0.0,6,0,hole
0.0,7,0,hole
0.0,2,0,hole
0.0,4,0,hole
0.0,5,0,hole
0.0,4,0,hole
0.0,2,0,hole
0.0,10,0,hole
0.0,17,0,hole
0.0,9,0,hole
0.0,2,0,hole
0.0,3,0,hole
0.0,10,0,hole
0.0,2,0,hole
0.0,2,0,hole
0.0,6,0,hole
0.0,2,0,hole
0.0,5,0,hole
0.0,6,0,hole
0.0,13,0,hole
0.0,3,0,hole
0.0,2,0,hole
0.0,9,0,hole
0.0,9,0,hole
0.0,5,0,hole
0.0,11,0,hole
0.0,7,0,hole
0.0,3,0,hole
0.0,12,0,hole
0.0,5,0,hole
0.0,4,0,hole
0.0,5,0,hole
0.0,6,0,hole
0.0,8,0,hole
0.0,7,0,hole
0.0,10,0,hole
0.0,10,0,hole
0.0,2,0,hole
0.0,7,0,hole
0.0,32,0,hole
0.0,4,0,hole
0.0,6,0,hole
0.0,6,0,hole
0.0,5,0,hole
0.0,5,0,hole
0.0,4,0,hole
0.0,2,0,hole
0.0,3,0,hole
0.0,6,0,hole
0.0,4,0,hole
0.0,3,0,hole
0.0,6,0,hole
0.0,10,0,hole
0.0,9,0,hole
0.0,2,0,hole
0.0,6,0,hole
0.0,9,0,hole
0.0,13,0,hole
0.0,15,0,hole
0.0,10,0,hole
0.0,10,0,hole
0.0,5,0,hole
0.0,8,0,hole
0.0,3,0,hole
0.0,5,0,hole
0.0,3,0,hole
0.0,7,0,hole
0.0,4,0,hole
0.0,20,0,hole
0.0,4,0,hole
0.0,3,0,hole
0.0,2,0,hole
0.0,13,0,hole
0.0,7,0,hole
0.0,10,0,hole
0.0,2,0,hole
0.0,57,0,hole
0.0,3,0,hole
0.0,4,0,hole
0.0,8,0,hole
0.0,15,0,hole
0.0,3,0,hole
0.0,5,0,hole
0.0,4,0,hole
0.0,2,0,hole
0.0,29,0,hole
0.0,5,0,hole
0.0,9,0,hole
0.0,8,0,hole
0.0,6,0,hole
1.0,9,1,success
0.0,12,0,hole
0.0,15,0,hole
0.0,4,0,hole
0.0,19,0,hole
0.0,3,0,hole
0.0,2,0,hole
0.0,2,0,hole
0.0,8,0,hole
0.0,6,0,hole
0.0,6,0,hole
0.0,7,0,hole
0.0,6,0,hole
0.0,4,0,hole
0.0,7,0,hole
0.0,2,0,hole
0.0,2,0,hole
0.0,2,0,hole
0.0,3,0,hole
0.0,5,0,hole
0.0,14,0,hole
0.0,3,0,hole
0.0,8,0,hole
0.0,3,0,hole
0.0,2,0,hole
0.0,3,0,hole
0.0,5,0,hole
0.0,2,0,hole
0.0,21,0,hole
0.0,5,0,hole
0.0,3,0,hole
0.0,7,0,hole
0.0,7,0,hole
0.0,3,0,hole
0.0,3,0,hole
0.0,4,0,hole
0.0,5,0,hole
0.0,2,0,hole
0.0,2,0,hole
0.0,3,0,hole
0.0,10,0,hole
0.0,3,0,hole
0.0,5,0,hole
0.0,3,0,hole
0.0,16,0,hole
0.0,16,0,hole
0.0,9,0,hole
0.0,29,0,hole
0.0,2,0,hole
0.0,6,0,hole
0.0,4,0,hole
0.0,6,0,hole
0.0,2,0,hole
0.0,6,0,hole
0.0,4,0,hole
0.0,4,0,hole
0.0,25,0,hole
0.0,9,0,hole
0.0,2,0,hole
0.0,13,0,hole
0.0,17,0,hole
0.0,10,0,hole
0.0,4,0,hole
0.0,13,0,hole
0.0,5,0,hole
0.0,8,0,hole
0.0,13,0,hole
0.0,9,0,hole
0.0,7,0,hole
0.0,3,0,hole
0.0,16,0,hole
0.0,12,0,hole
0.0,3,0,hole
0.0,9,0,hole
0.0,4,0,hole
0.0,3,0,hole
0.0,2,0,hole
0.0,3,0,hole
0.0,17,0,hole
0.0,3,0,hole
0.0,7,0,hole
0.0,3,0,hole
0.0,9,0,hole
0.0,25,0,hole
0.0,8,0,hole
0.0,4,0,hole
0.0,2,0,hole
0.0,2,0,hole
0.0,4,0,hole
0.0,14,0,hole
0.0,18,0,hole
0.0,16,0,hole
0.0,9,0,hole
0.0,2,0,hole
0.0,10,0,hole
0.0,7,0,hole
0.0,4,0,hole
0.0,8,0,hole
0.0,5,0,hole
0.0,10,0,hole
0.0,2,0,hole
0.0,9,0,hole
1.0,13,1,success
0.0,3,0,hole
0.0,5,0,hole
0.0,4,0,hole
0.0,19,0,hole
0.0,14,0,hole
0.0,2,0,hole
0.0,8,0,hole
0.0,6,0,hole
0.0,17,0,hole
0.0,9,0,hole
0.0,4,0,hole
0.0,5,0,hole
0.0,6,0,hole
0.0,8,0,hole
1.0,6,1,success
0.0,3,0,hole
0.0,2,0,hole
0.0,10,0,hole
0.0,7,0,hole
0.0,5,0,hole
0.0,8,0,hole
0.0,9,0,hole
0.0,22,0,hole
0.0,5,0,hole
0.0,2,0,hole
0.0,9,0,hole
0.0,6,0,hole
0.0,14,0,hole
0.0,48,0,hole
0.0,2,0,hole
0.0,10,0,hole
0.0,13,0,hole
0.0,4,0,hole
0.0,6,0,hole
0.0,4,0,hole
0.0,2,0,hole
0.0,7,0,hole
0.0,5,0,hole
0.0,4,0,hole
0.0,2,0,hole
0.0,26,0,hole
0.0,8,0,hole
0.0,4,0,hole
0.0,2,0,hole
0.0,6,0,hole
0.0,14,0,hole
0.0,2,0,hole
0.0,10,0,hole
0.0,24,0,hole
0.0,2,0,hole
0.0,3,0,hole
0.0,3,0,hole
0.0,17,0,hole
0.0,2,0,hole
0.0,5,0,hole
0.0,5,0,hole
0.0,3,0,hole
0.0,6,0,hole
0.0,20,0,hole
0.0,11,0,hole
0.0,5,0,hole
0.0,7,0,hole
0.0,39,0,hole
0.0,6,0,hole
0.0,35,0,hole
0.0,2,0,hole
0.0,5,0,hole
0.0,4,0,hole
0.0,2,0,hole
0.0,9,0,hole
0.0,18,0,hole
0.0,2,0,hole
0.0,3,0,hole
0.0,2,0,hole
0.0,4,0,hole
0.0,7,0,hole
0.0,9,0,hole
0.0,14,0,hole
0.0,23,0,hole
0.0,7,0,hole
0.0,7,0,hole
0.0,11,0,hole
0.0,14,0,hole
0.0,4,0,hole
0.0,7,0,hole
0.0,11,0,hole
0.0,12,0,hole
0.0,6,0,hole
0.0,4,0,hole
0.0,6,0,hole
0.0,13,0,hole
0.0,24,0,hole
0.0,11,0,hole
0.0,13,0,hole
0.0,11,0,hole
0.0,7,0,hole
0.0,2,0,hole
0.0,3,0,hole
0.0,14,0,hole
0.0,13,0,hole
0.0,14,0,hole
0.0,4,0,hole
0.0,15,0,hole
0.0,2,0,hole
0.0,2,0,hole
0.0,5,0,hole
0.0,5,0,hole
0.0,2,0,hole
0.0,12,0,hole
0.0,2,0,hole
0.0,3,0,hole
0.0,11,0,hole
0.0,16,0,hole
0.0,18,0,hole
0.0,4,0,hole
0.0,15,0,hole
0.0,3,0,hole
0.0,4,0,hole
0.0,10,0,hole
0.0,3,0,hole
0.0,6,0,hole
0.0,21,0,hole
0.0,12,0,hole
0.0,8,0,hole
0.0,5,0,hole
0.0,10,0,hole
0.0,4,0,hole
0.0,13,0,hole
0.0,3,0,hole
0.0,4,0,hole
0.0,6,0,hole
0.0,34,0,hole
0.0,5,0,hole
0.0,5,0,hole
0.0,5,0,hole
0.0,5,0,hole
0.0,2,0,hole
0.0,23,0,hole
0.0,3,0,hole
0.0,6,0,hole
0.0,9,0,hole
0.0,2,0,hole
0.0,9,0,hole
0.0,8,0,hole
0.0,14,0,hole
0.0,6,0,hole
0.0,18,0,hole
0.0,11,0,hole
0.0,17,0,hole
0.0,10,0,hole
0.0,9,0,hole
0.0,3,0,hole
0.0,12,0,hole
0.0,11,0,hole
0.0,6,0,hole
0.0,4,0,hole
0.0,3,0,hole
0.0,9,0,hole
0.0,2,0,hole
0.0,4,0,hole
0.0,7,0,hole
0.0,7,0,hole
0.0,8,0,hole
0.0,12,0,hole
0.0,9,0,hole
0.0,3,0,hole
0.0,4,0,hole
0.0,15,0,hole
0.0,2,0,hole
0.0,5,0,hole
0.0,15,0,hole
0.0,5,0,hole
0.0,2,0,hole
0.0,10,0,hole
0.0,17,0,hole
0.0,12,0,hole
0.0,20,0,hole
0.0,14,0,hole
0.0,7,0,hole
0.0,4,0,hole
0.0,32,0,hole
0.0,2,0,hole
0.0,5,0,hole
0.0,4,0,hole
0.0,13,0,hole
0.0,31,0,hole
0.0,26,0,hole
0.0,3,0,hole
0.0,3,0,hole
0.0,6,0,hole
0.0,7,0,hole
0.0,12,0,hole
0.0,3,0,hole
0.0,7,0,hole
0.0,10,0,hole
0.0,2,0,hole
0.0,15,0,hole
0.0,9,0,hole
0.0,3,0,hole
0.0,12,0,hole
0.0,16,0,hole
0.0,5,0,hole
0.0,9,0,hole
0.0,2,0,hole
0.0,3,0,hole
0.0,6,0,hole
0.0,2,0,hole
0.0,3,0,hole
0.0,4,0,hole
0.0,3,0,hole
0.0,13,0,hole
0.0,3,0,hole
1.0,18,1,success
0.0,2,0,hole
0.0,5,0,hole
0.0,9,0,hole
0.0,18,0,hole
0.0,7,0,hole
1.0,13,1,success
0.0,14,0,hole
0.0,7,0,hole
0.0,2,0,hole
0.0,5,0,hole
0.0,13,0,hole
0.0,6,0,hole
0.0,3,0,hole
0.0,3,0,hole
0.0,10,0,hole
0.0,3,0,hole
0.0,7,0,hole
0.0,2,0,hole
0.0,5,0,hole
0.0,4,0,hole
0.0,8,0,hole
0.0,3,0,hole
0.0,10,0,hole
0.0,13,0,hole
0.0,6,0,hole
0.0,2,0,hole
0.0,11,0,hole
0.0,2,0,hole
0.0,27,0,hole
0.0,9,0,hole
0.0,17,0,hole
0.0,5,0,hole
0.0,6,0,hole
0.0,19,0,hole
0.0,24,0,hole
0.0,9,0,hole
0.0,10,0,hole
0.0,3,0,hole
0.0,6,0,hole
0.0,5,0,hole
0.0,8,0,hole
0.0,4,0,hole
0.0,3,0,hole
0.0,3,0,hole
0.0,2,0,hole
0.0,8,0,hole
0.0,23,0,hole
0.0,15,0,hole
0.0,16,0,hole
0.0,9,0,hole
0.0,12,0,hole
0.0,4,0,hole
0.0,4,0,hole
0.0,6,0,hole
0.0,2,0,hole
0.0,2,0,hole
0.0,18,0,hole
0.0,4,0,hole
0.0,15,0,hole
0.0,2,0,hole
0.0,6,0,hole
0.0,8,0,hole
0.0,12,0,hole
0.0,2,0,hole
0.0,3,0,hole
0.0,16,0,hole
0.0,2,0,hole
0.0,2,0,hole
0.0,10,0,hole
0.0,9,0,hole
0.0,9,0,hole
0.0,7,0,hole
0.0,5,0,hole
0.0,10,0,hole
0.0,4,0,hole
0.0,20,0,hole
0.0,13,0,hole
0.0,3,0,hole
0.0,2,0,hole
0.0,19,0,hole
0.0,2,0,hole
0.0,8,0,hole
0.0,13,0,hole
0.0,7,0,hole
0.0,5,0,hole
0.0,3,0,hole
0.0,7,0,hole
0.0,2,0,hole
0.0,12,0,hole
0.0,4,0,hole
0.0,20,0,hole
0.0,20,0,hole
0.0,16,0,hole
0.0,6,0,hole
0.0,6,0,hole
0.0,2,0,hole
0.0,4,0,hole
0.0,14,0,hole
0.0,8,0,hole
0.0,3,0,hole
0.0,18,0,hole
0.0,10,0,hole
0.0,14,0,hole
0.0,6,0,hole
0.0,9,0,hole
0.0,2,0,hole
0.0,3,0,hole
0.0,4,0,hole
0.0,30,0,hole
0.0,17,0,hole
0.0,2,0,hole
0.0,4,0,hole
0.0,3,0,hole
0.0,5,0,hole
0.0,5,0,hole
0.0,4,0,hole
0.0,5,0,hole
0.0,12,0,hole
0.0,6,0,hole
0.0,20,0,hole
0.0,5,0,hole
0.0,2,0,hole
0.0,14,0,hole
0.0,3,0,hole
0.0,11,0,hole
0.0,23,0,hole
0.0,10,0,hole
0.0,3,0,hole
0.0,3,0,hole
0.0,7,0,hole
0.0,3,0,hole
0.0,7,0,hole
0.0,7,0,hole
0.0,20,0,hole
0.0,2,0,hole
0.0,2,0,hole
0.0,2,0,hole
0.0,4,0,hole
0.0,4,0,hole
0.0,7,0,hole
0.0,3,0,hole
0.0,2,0,hole
0.0,3,0,hole
0.0,9,0,hole
0.0,9,0,hole
0.0,7,0,hole
0.0,13,0,hole
0.0,7,0,hole
0.0,6,0,hole
0.0,4,0,hole
0.0,5,0,hole
0.0,4,0,hole
0.0,4,0,hole
0.0,4,0,hole
0.0,11,0,hole
0.0,6,0,hole
0.0,18,0,hole
0.0,2,0,hole
0.0,18,0,hole
0.0,7,0,hole
0.0,5,0,hole
0.0,5,0,hole
0.0,10,0,hole
0.0,6,0,hole
0.0,6,0,hole
0.0,2,0,hole
0.0,6,0,hole
0.0,18,0,hole
0.0,2,0,hole
0.0,5,0,hole
0.0,9,0,hole
0.0,3,0,hole
0.0,8,0,hole
0.0,5,0,hole
0.0,5,0,hole
0.0,7,0,hole
0.0,10,0,hole
0.0,5,0,hole
0.0,12,0,hole
0.0,12,0,hole
0.0,3,0,hole
0.0,6,0,hole
0.0,14,0,hole
0.0,8,0,hole
0.0,5,0,hole
0.0,4,0,hole
0.0,12,0,hole
0.0,13,0,hole
0.0,6,0,hole
0.0,5,0,hole
0.0,6,0,hole
0.0,5,0,hole
0.0,6,0,hole
0.0,3,0,hole
0.0,10,0,hole
0.0,4,0,hole
0.0,13,0,hole
0.0,4,0,hole
0.0,3,0,hole
0.0,15,0,hole
0.0,8,0,hole
0.0,5,0,hole
0.0,4,0,hole
0.0,12,0,hole
0.0,6,0,hole
0.0,2,0,hole
0.0,10,0,hole
0.0,3,0,hole
0.0,8,0,hole
0.0,19,0,hole
0.0,10,0,hole
0.0,24,0,hole
0.0,5,0,hole
0.0,6,0,hole
0.0,13,0,hole
0.0,10,0,hole
0.0,2,0,hole
0.0,2,0,hole
0.0,17,0,hole
0.0,4,0,hole
0.0,2,0,hole
0.0,2,0,hole
0.0,2,0,hole
0.0,4,0,hole
0.0,8,0,hole
0.0,8,0,hole
0.0,3,0,hole
0.0,13,0,hole
0.0,7,0,hole
0.0,2,0,hole
0.0,9,0,hole
0.0,17,0,hole
0.0,8,0,hole
0.0,11,0,hole
0.0,4,0,hole
0.0,6,0,hole
0.0,8,0,hole
0.0,7,0,hole
0.0,7,0,hole
0.0,3,0,hole
0.0,4,0,hole
0.0,7,0,hole
0.0,3,0,hole
0.0,24,0,hole
0.0,10,0,hole
0.0,6,0,hole
0.0,9,0,hole
0.0,2,0,hole
0.0,2,0,hole
0.0,19,0,hole
0.0,2,0,hole
0.0,6,0,hole
0.0,6,0,hole
0.0,4,0,hole
0.0,10,0,hole
0.0,26,0,hole
0.0,8,0,hole
0.0,24,0,hole
0.0,9,0,hole
0.0,8,0,hole
0.0,4,0,hole
0.0,8,0,hole
0.0,6,0,hole
0.0,4,0,hole
0.0,11,0,hole
0.0,7,0,hole
0.0,19,0,hole
0.0,3,0,hole
0.0,11,0,hole
0.0,5,0,hole
0.0,2,0,hole
0.0,4,0,hole
0.0,13,0,hole
0.0,7,0,hole
0.0,4,0,hole
0.0,13,0,hole
0.0,4,0,hole
0.0,3,0,hole
0.0,2,0,hole
0.0,10,0,hole
1.0,29,1,success
0.0,2,0,hole
0.0,5,0,hole
0.0,6,0,hole
0.0,12,0,hole
0.0,4,0,hole
0.0,7,0,hole
0.0,2,0,hole
0.0,3,0,hole
0.0,3,0,hole
0.0,13,0,hole
0.0,3,0,hole
0.0,7,0,hole
0.0,4,0,hole
0.0,8,0,hole
0.0,8,0,hole
0.0,8,0,hole
0.0,5,0,hole
0.0,5,0,hole
0.0,11,0,hole
0.0,9,0,hole
0.0,7,0,hole
0.0,5,0,hole
0.0,3,0,hole
0.0,3,0,hole
0.0,9,0,hole
0.0,6,0,hole
0.0,10,0,hole
0.0,12,0,hole
0.0,5,0,hole
0.0,2,0,hole
0.0,3,0,hole
0.0,20,0,hole
0.0,6,0,hole
0.0,2,0,hole
0.0,16,0,hole
0.0,20,0,hole
0.0,7,0,hole
0.0,5,0,hole
0.0,2,0,hole
0.0,4,0,hole
0.0,7,0,hole
0.0,17,0,hole
0.0,6,0,hole
0.0,2,0,hole
0.0,4,0,hole
0.0,11,0,hole
0.0,2,0,hole
0.0,10,0,hole
0.0,5,0,hole
0.0,13,0,hole
0.0,14,0,hole
0.0,9,0,hole
0.0,2,0,hole
0.0,9,0,hole
0.0,6,0,hole
0.0,23,0,hole
0.0,19,0,hole
0.0,7,0,hole
0.0,16,0,hole
0.0,18,0,hole
0.0,3,0,hole
0.0,3,0,hole
0.0,11,0,hole
0.0,11,0,hole
0.0,7,0,hole
0.0,4,0,hole
0.0,2,0,hole
0.0,2,0,hole
0.0,3,0,hole
0.0,17,0,hole
0.0,8,0,hole
0.0,8,0,hole
0.0,13,0,hole
0.0,7,0,hole
0.0,6,0,hole
0.0,4,0,hole
0.0,3,0,hole
0.0,7,0,hole
0.0,3,0,hole
0.0,9,0,hole
0.0,6,0,hole
0.0,4,0,hole
0.0,11,0,hole
0.0,4,0,hole
0.0,16,0,hole
0.0,8,0,hole
0.0,8,0,hole
0.0,28,0,hole
0.0,13,0,hole
0.0,3,0,hole
1.0,6,1,success
0.0,2,0,hole
0.0,2,0,hole
0.0,7,0,hole
0.0,4,0,hole
0.0,14,0,hole
0.0,13,0,hole
0.0,11,0,hole
0.0,17,0,hole
0.0,5,0,hole
0.0,5,0,hole
0.0,6,0,hole
0.0,15,0,hole
0.0,4,0,hole
0.0,2,0,hole
0.0,8,0,hole
0.0,3,0,hole
0.0,2,0,hole
0.0,13,0,hole
0.0,19,0,hole
0.0,5,0,hole
0.0,26,0,hole
0.0,4,0,hole
0.0,2,0,hole
0.0,9,0,hole
0.0,4,0,hole
0.0,13,0,hole
0.0,2,0,hole
1.0,12,1,success
0.0,6,0,hole
0.0,6,0,hole
0.0,10,0,hole
0.0,10,0,hole
0.0,3,0,hole
0.0,2,0,hole
0.0,11,0,hole
0.0,8,0,hole
0.0,26,0,hole
0.0,6,0,hole
0.0,24,0,hole
0.0,12,0,hole
0.0,7,0,hole
0.0,27,0,hole
0.0,7,0,hole
0.0,4,0,hole
1.0,14,1,success
0.0,10,0,hole
0.0,4,0,hole
0.0,12,0,hole
0.0,13,0,hole
0.0,6,0,hole
0.0,4,0,hole
0.0,3,0,hole
0.0,3,0,hole
0.0,3,0,hole
0.0,12,0,hole
0.0,11,0,hole
0.0,7,0,hole
0.0,9,0,hole
0.0,2,0,hole
0.0,12,0,hole
1.0,23,1,success
0.0,19,0,hole
1.0,11,1,success
0.0,4,0,hole
0.0,8,0,hole
0.0,10,0,hole
0.0,3,0,hole
0.0,12,0,hole
0.0,2,0,hole
0.0,30,0,hole
0.0,13,0,hole
0.0,2,0,hole
0.0,2,0,hole
0.0,8,0,hole
0.0,3,0,hole
0.0,2,0,hole
0.0,2,0,hole
0.0,3,0,hole
0.0,9,0,hole
0.0,3,0,hole
0.0,6,0,hole
0.0,7,0,hole
0.0,3,0,hole
0.0,18,0,hole
0.0,4,0,hole
0.0,9,0,hole
0.0,13,0,hole
0.0,6,0,hole
0.0,4,0,hole
0.0,4,0,hole
0.0,24,0,hole
0.0,7,0,hole
0.0,5,0,hole
0.0,2,0,hole
0.0,5,0,hole
0.0,12,0,hole
0.0,6,0,hole
0.0,4,0,hole
0.0,6,0,hole
0.0,3,0,hole
0.0,7,0,hole
0.0,5,0,hole
0.0,7,0,hole
0.0,24,0,hole
0.0,2,0,hole
0.0,4,0,hole
0.0,2,0,hole
0.0,7,0,hole
0.0,16,0,hole
1.0,17,1,success
0.0,9,0,hole
0.0,8,0,hole
0.0,10,0,hole
0.0,8,0,hole
0.0,7,0,hole
0.0,4,0,hole
0.0,8,0,hole
0.0,10,0,hole
0.0,5,0,hole
0.0,2,0,hole
0.0,28,0,hole
0.0,6,0,hole
0.0,4,0,hole
0.0,2,0,hole
0.0,5,0,hole
0.0,7,0,hole
0.0,15,0,hole
0.0,7,0,hole
0.0,5,0,hole
0.0,6,0,hole
0.0,8,0,hole
0.0,8,0,hole
0.0,12,0,hole
0.0,11,0,hole
0.0,4,0,hole
0.0,5,0,hole
0.0,5,0,hole
0.0,2,0,hole
0.0,3,0,hole
0.0,4,0,hole
0.0,4,0,hole
1.0,15,1,success
0.0,10,0,hole
1.0,20,1,success
0.0,14,0,hole
0.0,2,0,hole
0.0,2,0,hole
0.0,15,0,hole
0.0,3,0,hole
0.0,4,0,hole
0.0,4,0,hole
0.0,3,0,hole
0.0,6,0,hole
0.0,3,0,hole
0.0,9,0,hole
0.0,16,0,hole
0.0,2,0,hole
0.0,5,0,hole
0.0,5,0,hole
0.0,3,0,hole
0.0,11,0,hole
0.0,20,0,hole
0.0,8,0,hole
0.0,9,0,hole
0.0,3,0,hole
0.0,13,0,hole
